/* Generated by tools/build-fextendo-osk-sprites.py from the existing
 * Solid Duo controller artwork. See assets/README.md for attribution. */
#ifndef FEXTENDO_OSK_SPRITES_H
#define FEXTENDO_OSK_SPRITES_H
#include <stdint.h>
enum { FX_OSK_SPRITE_A, FX_OSK_SPRITE_B, FX_OSK_SPRITE_X, FX_OSK_SPRITE_Y, FX_OSK_SPRITE_L, FX_OSK_SPRITE_R, FX_OSK_SPRITE_SL, FX_OSK_SPRITE_SR, FX_OSK_SPRITE_PLUS, FX_OSK_SPRITE_MINUS };
#define FX_OSK_SPRITE_SIZE 40
static const uint32_t fx_osk_sprites[10][1600] = {
/* A source SHA256 c985d6fa5b56e466afd64dbc19d71ab6c20c8830b4e4adec89f1785bc6ac5855 */
{
0x00000000,0x00000000,0x00000000,0x00000000,0x00000000,0x00000000,0x00000000,0x00000000,0x00000000,0x00000000,
0x00000000,0x00000000,0x00000000,0x00000000,0x00000000,0x00000000,0x00000000,0x00000000,0x00000000,0x00000000,
0x00000000,0x00000000,0x00000000,0x00000000,0x00000000,0x00000000,0x00000000,0x00000000,0x00000000,0x00000000,
0x00000000,0x00000000,0x00000000,0x00000000,0x00000000,0x00000000,0x00000000,0x00000000,0x00000000,0x00000000,
0x00000000,0x00000000,0x00000000,0x00000000,0x00000000,0x00000000,0x00000000,0x00000000,0x00000000,0x00000000,
0x00000000,0x00000000,0x00000000,0x00000000,0x00000000,0x00000000,0x00000000,0x00000000,0x00000000,0x00000000,
0x00000000,0x00000000,0x00000000,0x00000000,0x00000000,0x00000000,0x00000000,0x00000000,0x00000000,0x00000000,
0x00000000,0x00000000,0x00000000,0x00000000,0x00000000,0x00000000,0x00000000,0x00000000,0x00000000,0x00000000,
0x00000000,0x00000000,0x00000000,0x00000000,0x00000000,0x00000000,0x00000000,0x00000000,0x00000000,0x00000000,
0x00000000,0x00000000,0x00000000,0x00000000,0x00000000,0x00000000,0x00000000,0x00000000,0x01ffffff,0x01ffffff,
0x01ffffff,0x01ffffff,0x00000000,0x00000000,0x00000000,0x00000000,0x00000000,0x00000000,0x00000000,0x00000000,
0x00000000,0x00000000,0x00000000,0x00000000,0x00000000,0x00000000,0x00000000,0x00000000,0x00000000,0x00000000,
0x00000000,0x00000000,0x00000000,0x00000000,0x00000000,0x00000000,0x00000000,0x00000000,0x00000000,0x00000000,
0x00000000,0x00000000,0x00000000,0x00000000,0x01ffffff,0x03ffffff,0x04bfbfbf,0x027f7f7f,0x00000000,0x00000000,
0x00000000,0x00000000,0x027f7f7f,0x04bfbfbf,0x03ffffff,0x01ffffff,0x00000000,0x00000000,0x00000000,0x00000000,
0x00000000,0x00000000,0x00000000,0x00000000,0x00000000,0x00000000,0x00000000,0x00000000,0x00000000,0x00000000,
0x00000000,0x00000000,0x00000000,0x00000000,0x00000000,0x00000000,0x00000000,0x00000000,0x00000000,0x00000000,
0x00000000,0x00000000,0x01ffffff,0x03ffffff,0x00000000,0x00000000,0x00000000,0x00000000,0x08dfdfdf,0x0feeeeee,
0x0feeeeee,0x08dfdfdf,0x00000000,0x00000000,0x00000000,0x00000000,0x03ffffff,0x01ffffff,0x00000000,0x00000000,
0x00000000,0x00000000,0x00000000,0x00000000,0x00000000,0x00000000,0x00000000,0x00000000,0x00000000,0x00000000,
0x00000000,0x00000000,0x00000000,0x00000000,0x00000000,0x00000000,0x00000000,0x00000000,0x00000000,0x00000000,
0x00000000,0x03ffffff,0x00000000,0x00000000,0x0debebeb,0x50efefef,0x94ececec,0xc3ebebeb,0xdfeaeaea,0xecebebeb,
0xecebebeb,0xdfeaeaea,0xc3ebebeb,0x93ebebeb,0x50efefef,0x0eececec,0x00000000,0x00000000,0x03ffffff,0x00000000,
0x00000000,0x00000000,0x00000000,0x00000000,0x00000000,0x00000000,0x00000000,0x00000000,0x00000000,0x00000000,
0x00000000,0x00000000,0x00000000,0x00000000,0x00000000,0x00000000,0x00000000,0x00000000,0x00000000,0x01000000,
0x03ffffff,0x00000000,0x14e5e5e5,0x80efefef,0xe0f0f0f0,0xfff6f6f6,0xfffbfbfb,0xfff6f6f6,0xfff2f2f2,0xffefefef,
0xffefefef,0xfff2f2f2,0xfff6f6f6,0xfffbfbfb,0xfff7f7f7,0xe1f0f0f0,0x83efefef,0x15e6e6e6,0x00000000,0x03ffffff,
0x01ffffff,0x00000000,0x00000000,0x00000000,0x00000000,0x00000000,0x00000000,0x00000000,0x00000000,0x00000000,
0x00000000,0x00000000,0x00000000,0x00000000,0x00000000,0x00000000,0x00000000,0x00000000,0x01ffffff,0x01ffffff,
0x00000000,0x5cebebeb,0xe3f1f1f1,0xfffcfcfc,0xfff1f1f1,0xfde9e9e9,0xfbeaeaea,0xfceaeaea,0xfdeaeaea,0xfeeaeaea,
0xfeeaeaea,0xfdeaeaea,0xfceaeaea,0xfbeaeaea,0xfceaeaea,0xfff0f0f0,0xfffcfcfc,0xe4f1f1f1,0x5debebeb,0x00000000,
0x01ffffff,0x01ffffff,0x00000000,0x00000000,0x00000000,0x00000000,0x00000000,0x00000000,0x00000000,0x00000000,
0x00000000,0x00000000,0x00000000,0x00000000,0x00000000,0x00000000,0x00000000,0x01ffffff,0x027f7f7f,0x01000000,
0x92ededed,0xfff9f9f9,0xfff1f1f1,0xfbeaeaea,0xfeeaeaea,0xffebebeb,0xffebebeb,0xffebebeb,0xffebebeb,0xffebebeb,
0xffebebeb,0xffebebeb,0xffebebeb,0xffebebeb,0xffebebeb,0xfeeaeaea,0xfbeaeaea,0xfff0f0f0,0xfffafafa,0x94ededed,
0x01ffffff,0x01ffffff,0x01ffffff,0x00000000,0x00000000,0x00000000,0x00000000,0x00000000,0x00000000,0x00000000,
0x00000000,0x00000000,0x00000000,0x00000000,0x00000000,0x00000000,0x01ffffff,0x03aaaaaa,0x01ffffff,0xa6ececec,
0xfffefefe,0xfbebebeb,0xfdeaeaea,0xffebebeb,0xffebebeb,0xffebebeb,0xffebebeb,0xffebebeb,0xffebebeb,0xffebebeb,
0xffebebeb,0xffebebeb,0xffebebeb,0xffebebeb,0xffebebeb,0xffebebeb,0xffebebeb,0xfdeaeaea,0xfbebebeb,0xffffffff,
0xa7ececec,0x01ffffff,0x03aaaaaa,0x01ffffff,0x00000000,0x00000000,0x00000000,0x00000000,0x00000000,0x00000000,
0x00000000,0x00000000,0x00000000,0x00000000,0x00000000,0x00000000,0x03ffffff,0x00000000,0x94eaeaea,0xffffffff,
0xfaeaeaea,0xffebebeb,0xffebebeb,0xffebebeb,0xffebebeb,0xffebebeb,0xffebebeb,0xffebebeb,0xffe8e8e8,0xffe8e8e8,
0xffe8e8e8,0xffe9e9e9,0xffebebeb,0xffebebeb,0xffebebeb,0xffebebeb,0xffebebeb,0xffebebeb,0xffebebeb,0xfaeaeaea,
0xffffffff,0x94e8e8e8,0x00000000,0x03ffffff,0x00000000,0x00000000,0x00000000,0x00000000,0x00000000,0x00000000,
0x00000000,0x00000000,0x00000000,0x00000000,0x00000000,0x03ffffff,0x00000000,0x59e8e8e8,0xfffafafa,0xfaebebeb,
0xffebebeb,0xffebebeb,0xffebebeb,0xffebebeb,0xffebebeb,0xffebebeb,0xffebebeb,0xffebebeb,0xfff7f7f7,0xfffafafa,
0xfffafafa,0xfff3f3f3,0xffeaeaea,0xffebebeb,0xffebebeb,0xffebebeb,0xffebebeb,0xffebebeb,0xffebebeb,0xffebebeb,
0xfaebebeb,0xfffbfbfb,0x59e8e8e8,0x00000000,0x03ffffff,0x00000000,0x00000000,0x00000000,0x00000000,0x00000000,
0x00000000,0x00000000,0x00000000,0x00000000,0x027f7f7f,0x01ffffff,0x13f1f1f1,0xe8ededed,0xfdf1f1f1,0xfdeaeaea,
0xffebebeb,0xffebebeb,0xffebebeb,0xffebebeb,0xffebebeb,0xffebebeb,0xffebebeb,0xffededed,0xff9e9e9e,0xff898989,
0xff868686,0xffb4b4b4,0xfff2f2f2,0xffeaeaea,0xffebebeb,0xffebebeb,0xffebebeb,0xffebebeb,0xffebebeb,0xffebebeb,
0xfdeaeaea,0xfdf2f2f2,0xe8ececec,0x13e4e4e4,0x01ffffff,0x027f7f7f,0x00000000,0x00000000,0x00000000,0x00000000,
0x00000000,0x00000000,0x00000000,0x00000000,0x04bfbfbf,0x00000000,0x81ebebeb,0xfffdfdfd,0xfbe9e9e9,0xffebebeb,
0xffebebeb,0xffebebeb,0xffebebeb,0xffebebeb,0xffebebeb,0xffeaeaea,0xfff1f1f1,0xffd1d1d1,0xff262626,0xff1f1f1f,
0xff171717,0xff484848,0xffededed,0xffebebeb,0xffebebeb,0xffebebeb,0xffebebeb,0xffebebeb,0xffebebeb,0xffebebeb,
0xffebebeb,0xfbe9e9e9,0xfffdfdfd,0x80ebebeb,0x00000000,0x04bfbfbf,0x00000000,0x00000000,0x00000000,0x00000000,
0x00000000,0x00000000,0x00000000,0x01ffffff,0x00000000,0x0ce9e9e9,0xe5eaeaea,0xfef0f0f0,0xfdebebeb,0xffebebeb,
0xffebebeb,0xffebebeb,0xffebebeb,0xffebebeb,0xffebebeb,0xffe8e8e8,0xfff8f8f8,0xff949494,0xff232323,0xff313131,
0xff303030,0xff2a2a2a,0xffc1c1c1,0xfff4f4f4,0xffe9e9e9,0xffebebeb,0xffebebeb,0xffebebeb,0xffebebeb,0xffebebeb,
0xffebebeb,0xfdebebeb,0xfef1f1f1,0xe5e9e9e9,0x0bffffff,0x00000000,0x01ffffff,0x00000000,0x00000000,0x00000000,
0x00000000,0x00000000,0x00000000,0x03ffffff,0x00000000,0x4eebebeb,0xfff7f7f7,0xfde9e9e9,0xffebebeb,0xffebebeb,
0xffebebeb,0xffebebeb,0xffebebeb,0xffebebeb,0xffebebeb,0xffeaeaea,0xffefefef,0xff565656,0xff212121,0xff434343,
0xff3b3b3b,0xff1d1d1d,0xff828282,0xfff8f8f8,0xffe8e8e8,0xffebebeb,0xffebebeb,0xffebebeb,0xffebebeb,0xffebebeb,
0xffebebeb,0xffebebeb,0xfde9e9e9,0xfff7f7f7,0x4febebeb,0x00000000,0x03ffffff,0x00000000,0x00000000,0x00000000,
0x00000000,0x00000000,0x00000000,0x04ffffff,0x00000000,0x94eaeaea,0xfefbfbfb,0xfbeaeaea,0xffebebeb,0xffebebeb,
0xffebebeb,0xffebebeb,0xffebebeb,0xffebebeb,0xffe9e9e9,0xfff3f3f3,0xffc8c8c8,0xff2e2e2e,0xff1e1e1e,0xff999999,
0xff717171,0xff1a1a1a,0xff484848,0xffe7e7e7,0xffececec,0xffebebeb,0xffebebeb,0xffebebeb,0xffebebeb,0xffebebeb,
0xffebebeb,0xffebebeb,0xfbeaeaea,0xfefbfbfb,0x96eaeaea,0x00000000,0x04ffffff,0x00000000,0x00000000,0x00000000,
0x00000000,0x00000000,0x00000000,0x01ffffff,0x00000000,0xc4eaeaea,0xfff6f6f6,0xfcebebeb,0xffebebeb,0xffebebeb,
0xffebebeb,0xffebebeb,0xffebebeb,0xffebebeb,0xffe8e8e8,0xfff9f9f9,0xff8a8a8a,0xff1f1f1f,0xff2d2d2d,0xffd8d8d8,
0xffa7a7a7,0xff212121,0xff282828,0xffb8b8b8,0xfff5f5f5,0xffe9e9e9,0xffebebeb,0xffebebeb,0xffebebeb,0xffebebeb,
0xffebebeb,0xffebebeb,0xfceaeaea,0xfff6f6f6,0xc3eaeaea,0x00000000,0x01ffffff,0x00000000,0x00000000,0x00000000,
0x00000000,0x00000000,0x01ffffff,0x00000000,0x07ffffff,0xdfeaeaea,0xfff2f2f2,0xfdebebeb,0xffebebeb,0xffebebeb,
0xffebebeb,0xffebebeb,0xffebebeb,0xffebebeb,0xffebebeb,0xffebebeb,0xff4e4e4e,0xff1d1d1d,0xff565656,0xfff4f4f4,
0xffd6d6d6,0xff373737,0xff1f1f1f,0xff777777,0xfff8f8f8,0xffe8e8e8,0xffebebeb,0xffebebeb,0xffebebeb,0xffebebeb,
0xffebebeb,0xffebebeb,0xfdebebeb,0xfff2f2f2,0xdeebebeb,0x07dadada,0x00000000,0x01ffffff,0x00000000,0x00000000,
0x00000000,0x00000000,0x01ffffff,0x00000000,0x10dfdfdf,0xedeaeaea,0xffefefef,0xfeeaeaea,0xffebebeb,0xffebebeb,
0xffebebeb,0xffebebeb,0xffebebeb,0xffe9e9e9,0xfff4f4f4,0xffbfbfbf,0xff2b2b2b,0xff202020,0xff909090,0xfff4f4f4,
0xffeeeeee,0xff626262,0xff1e1e1e,0xff414141,0xffe1e1e1,0xffeeeeee,0xffeaeaea,0xffebebeb,0xffebebeb,0xffebebeb,
0xffebebeb,0xffebebeb,0xfeeaeaea,0xffefefef,0xecebebeb,0x0feeeeee,0x00000000,0x01ffffff,0x00000000,0x00000000,
0x00000000,0x00000000,0x01ffffff,0x00000000,0x10dfdfdf,0xedeaeaea,0xffefefef,0xfeeaeaea,0xffebebeb,0xffebebeb,
0xffebebeb,0xffebebeb,0xffebebeb,0xffe8e8e8,0xfff8f8f8,0xff7f7f7f,0xff1e1e1e,0xff343434,0xffd7d7d7,0xfffafafa,
0xffffffff,0xffacacac,0xff242424,0xff252525,0xffaeaeae,0xfff6f6f6,0xffe8e8e8,0xffebebeb,0xffebebeb,0xffebebeb,
0xffebebeb,0xffebebeb,0xfeeaeaea,0xffefefef,0xecebebeb,0x0feeeeee,0x00000000,0x01ffffff,0x00000000,0x00000000,
0x00000000,0x00000000,0x01ffffff,0x00000000,0x07ffffff,0xdfeaeaea,0xfff2f2f2,0xfdebebeb,0xffebebeb,0xffebebeb,
0xffebebeb,0xffebebeb,0xffebebeb,0xffededed,0xffe6e6e6,0xff454545,0xff262626,0xff3b3b3b,0xff737373,0xff737373,
0xff767676,0xff686868,0xff323232,0xff212121,0xff6c6c6c,0xfff5f5f5,0xffe8e8e8,0xffebebeb,0xffebebeb,0xffebebeb,
0xffebebeb,0xffebebeb,0xfdeaeaea,0xfff2f2f2,0xdeebebeb,0x07dadada,0x00000000,0x01ffffff,0x00000000,0x00000000,
0x00000000,0x00000000,0x00000000,0x01ffffff,0x00000000,0xc3ebebeb,0xfff6f6f6,0xfcebebeb,0xffebebeb,0xffebebeb,
0xffebebeb,0xffebebeb,0xffe8e8e8,0xfff6f6f6,0xffb5b5b5,0xff242424,0xff2f2f2f,0xff1f1f1f,0xff131313,0xff141414,
0xff131313,0xff151515,0xff242424,0xff2b2b2b,0xff383838,0xffdbdbdb,0xffefefef,0xffeaeaea,0xffebebeb,0xffebebeb,
0xffebebeb,0xffebebeb,0xfceaeaea,0xfff6f6f6,0xc3eaeaea,0x00000000,0x01ffffff,0x00000000,0x00000000,0x00000000,
0x00000000,0x00000000,0x00000000,0x04ffffff,0x00000000,0x94eaeaea,0xfefbfbfb,0xfbeaeaea,0xffebebeb,0xffebebeb,
0xffebebeb,0xffebebeb,0xffe8e8e8,0xfff7f7f7,0xff757575,0xff202020,0xff333333,0xff888888,0xff979797,0xff949494,
0xff949494,0xff9a9a9a,0xff727272,0xff2a2a2a,0xff222222,0xffa3a3a3,0xfff8f8f8,0xffe8e8e8,0xffebebeb,0xffebebeb,
0xffebebeb,0xffebebeb,0xfbeaeaea,0xfefbfbfb,0x95ececec,0x00000000,0x04ffffff,0x00000000,0x00000000,0x00000000,
0x00000000,0x00000000,0x00000000,0x03ffffff,0x00000000,0x4eebebeb,0xfff7f7f7,0xfde9e9e9,0xffebebeb,0xffebebeb,
0xffebebeb,0xffeaeaea,0xffeeeeee,0xffe0e0e0,0xff404040,0xff212121,0xff585858,0xfffbfbfb,0xfff9f9f9,0xfff8f8f8,
0xfff7f7f7,0xfffefefe,0xffe0e0e0,0xff373737,0xff212121,0xff636363,0xfff4f4f4,0xffe9e9e9,0xffebebeb,0xffebebeb,
0xffebebeb,0xffebebeb,0xfde9e9e9,0xfff7f7f7,0x4eebebeb,0x00000000,0x03ffffff,0x00000000,0x00000000,0x00000000,
0x00000000,0x00000000,0x00000000,0x01ffffff,0x00000000,0x0ce9e9e9,0xe5eaeaea,0xfef0f0f0,0xfdebebeb,0xffebebeb,
0xffebebeb,0xffe8e8e8,0xfff7f7f7,0xffaaaaaa,0xff232323,0xff202020,0xff949494,0xfff6f6f6,0xffe5e5e5,0xffe8e8e8,
0xffe8e8e8,0xffe6e6e6,0xfff3f3f3,0xff666666,0xff1e1e1e,0xff323232,0xffd2d2d2,0xfff1f1f1,0xffeaeaea,0xffebebeb,
0xffebebeb,0xfdebebeb,0xfef1f1f1,0xe5e9e9e9,0x0ce9e9e9,0x00000000,0x01ffffff,0x00000000,0x00000000,0x00000000,
0x00000000,0x00000000,0x00000000,0x00000000,0x04bfbfbf,0x00000000,0x80ebebeb,0xfffcfcfc,0xfbe9e9e9,0xffebebeb,
0xffebebeb,0xffe9e9e9,0xfff4f4f4,0xff707070,0xff2a2a2a,0xff3a3a3a,0xffcfcfcf,0xfff1f1f1,0xffeaeaea,0xffebebeb,
0xffebebeb,0xffe8e8e8,0xfff7f7f7,0xffa8a8a8,0xff2d2d2d,0xff2b2b2b,0xff9c9c9c,0xfff7f7f7,0xffe8e8e8,0xffebebeb,
0xffebebeb,0xfbe9e9e9,0xfffdfdfd,0x7fececec,0x00000000,0x04bfbfbf,0x00000000,0x00000000,0x00000000,0x00000000,
0x00000000,0x00000000,0x00000000,0x00000000,0x027f7f7f,0x01ffffff,0x13e4e4e4,0xe8ececec,0xfef0f0f0,0xfdeaeaea,
0xffebebeb,0xffebebeb,0xffebebeb,0xffd9d9d9,0xffd6d6d6,0xffdadada,0xffececec,0xffebebeb,0xffebebeb,0xffebebeb,
0xffebebeb,0xffebebeb,0xffececec,0xffe9e9e9,0xffd8d8d8,0xffd6d6d6,0xffdddddd,0xffececec,0xffebebeb,0xffebebeb,
0xfdeaeaea,0xfef1f1f1,0xe7ededed,0x13e4e4e4,0x01ffffff,0x027f7f7f,0x00000000,0x00000000,0x00000000,0x00000000,
0x00000000,0x00000000,0x00000000,0x00000000,0x00000000,0x03ffffff,0x00000000,0x58eaeaea,0xfffafafa,0xfaebebeb,
0xffebebeb,0xffebebeb,0xffebebeb,0xffefefef,0xfff0f0f0,0xffefefef,0xffebebeb,0xffebebeb,0xffebebeb,0xffebebeb,
0xffebebeb,0xffebebeb,0xffebebeb,0xffebebeb,0xfff0f0f0,0xfff0f0f0,0xffeeeeee,0xffebebeb,0xffebebeb,0xffebebeb,
0xfaebebeb,0xfffafafa,0x58eaeaea,0x00000000,0x03ffffff,0x00000000,0x00000000,0x00000000,0x00000000,0x00000000,
0x00000000,0x00000000,0x00000000,0x00000000,0x00000000,0x00000000,0x03ffffff,0x00000000,0x93eaeaea,0xffffffff,
0xfaeaeaea,0xffebebeb,0xffebebeb,0xffeaeaea,0xffeaeaea,0xffeaeaea,0xffebebeb,0xffebebeb,0xffebebeb,0xffebebeb,
0xffebebeb,0xffebebeb,0xffebebeb,0xffebebeb,0xffeaeaea,0xffeaeaea,0xffeaeaea,0xffebebeb,0xffebebeb,0xfaeaeaea,
0xffffffff,0x93eaeaea,0x00000000,0x03ffffff,0x00000000,0x00000000,0x00000000,0x00000000,0x00000000,0x00000000,
0x00000000,0x00000000,0x00000000,0x00000000,0x00000000,0x00000000,0x01ffffff,0x03ffffff,0x01ffffff,0xa6ebebeb,
0xffffffff,0xfbebebeb,0xfdeaeaea,0xffebebeb,0xffebebeb,0xffebebeb,0xffebebeb,0xffebebeb,0xffebebeb,0xffebebeb,
0xffebebeb,0xffebebeb,0xffebebeb,0xffebebeb,0xffebebeb,0xffebebeb,0xffebebeb,0xfdeaeaea,0xfbebebeb,0xffffffff,
0xa6ececec,0x01ffffff,0x03ffffff,0x01ffffff,0x00000000,0x00000000,0x00000000,0x00000000,0x00000000,0x00000000,
0x00000000,0x00000000,0x00000000,0x00000000,0x00000000,0x00000000,0x00000000,0x01ffffff,0x027f7f7f,0x00000000,
0x92ededed,0xfff9f9f9,0xfff1f1f1,0xfbeaeaea,0xfdebebeb,0xffebebeb,0xffebebeb,0xffebebeb,0xffebebeb,0xffebebeb,
0xffebebeb,0xffebebeb,0xffebebeb,0xffebebeb,0xffebebeb,0xfeeaeaea,0xfbeaeaea,0xfff0f0f0,0xfff9f9f9,0x92efefef,
0x01ffffff,0x027f7f7f,0x01ffffff,0x00000000,0x00000000,0x00000000,0x00000000,0x00000000,0x00000000,0x00000000,
0x00000000,0x00000000,0x00000000,0x00000000,0x00000000,0x00000000,0x00000000,0x00000000,0x01ffffff,0x02ffffff,
0x00000000,0x5bebebeb,0xe2f1f1f1,0xfffcfcfc,0xfff1f1f1,0xfde9e9e9,0xfbeaeaea,0xfceaeaea,0xfdeaeaea,0xfeeaeaea,
0xfeeaeaea,0xfdeaeaea,0xfceaeaea,0xfbeaeaea,0xfceaeaea,0xfff0f0f0,0xfffcfcfc,0xe4f1f1f1,0x5cebebeb,0x00000000,
0x01ffffff,0x01ffffff,0x00000000,0x00000000,0x00000000,0x00000000,0x00000000,0x00000000,0x00000000,0x00000000,
0x00000000,0x00000000,0x00000000,0x00000000,0x00000000,0x00000000,0x00000000,0x00000000,0x00000000,0x00000000,
0x03ffffff,0x00000000,0x14e5e5e5,0x7feeeeee,0xe0f0f0f0,0xfff6f6f6,0xfffbfbfb,0xfff7f7f7,0xfff2f2f2,0xffefefef,
0xffefefef,0xfff2f2f2,0xfff7f7f7,0xfffbfbfb,0xfff7f7f7,0xe1efefef,0x81f1f1f1,0x15dadada,0x00000000,0x03ffffff,
0x01000000,0x00000000,0x00000000,0x00000000,0x00000000,0x00000000,0x00000000,0x00000000,0x00000000,0x00000000,
0x00000000,0x00000000,0x00000000,0x00000000,0x00000000,0x00000000,0x00000000,0x00000000,0x00000000,0x00000000,
0x00000000,0x03ffffff,0x00000000,0x00000000,0x0ce9e9e9,0x50ebebeb,0x95ededed,0xc3ebebeb,0xdeebebeb,0xecebebeb,
0xecebebeb,0xdeebebeb,0xc3ebebeb,0x95ececec,0x51efefef,0x0debebeb,0x00000000,0x00000000,0x03ffffff,0x00000000,
0x00000000,0x00000000,0x00000000,0x00000000,0x00000000,0x00000000,0x00000000,0x00000000,0x00000000,0x00000000,
0x00000000,0x00000000,0x00000000,0x00000000,0x00000000,0x00000000,0x00000000,0x00000000,0x00000000,0x00000000,
0x00000000,0x00000000,0x01ffffff,0x03ffffff,0x00000000,0x00000000,0x00000000,0x00000000,0x07ffffff,0x0feeeeee,
0x0feeeeee,0x07ffffff,0x00000000,0x00000000,0x00000000,0x00000000,0x03ffffff,0x01ffffff,0x00000000,0x00000000,
0x00000000,0x00000000,0x00000000,0x00000000,0x00000000,0x00000000,0x00000000,0x00000000,0x00000000,0x00000000,
0x00000000,0x00000000,0x00000000,0x00000000,0x00000000,0x00000000,0x00000000,0x00000000,0x00000000,0x00000000,
0x00000000,0x00000000,0x00000000,0x00000000,0x01ffffff,0x03ffffff,0x04bfbfbf,0x027f7f7f,0x00000000,0x00000000,
0x00000000,0x00000000,0x027f7f7f,0x04bfbfbf,0x03ffffff,0x01ffffff,0x00000000,0x00000000,0x00000000,0x00000000,
0x00000000,0x00000000,0x00000000,0x00000000,0x00000000,0x00000000,0x00000000,0x00000000,0x00000000,0x00000000,
0x00000000,0x00000000,0x00000000,0x00000000,0x00000000,0x00000000,0x00000000,0x00000000,0x00000000,0x00000000,
0x00000000,0x00000000,0x00000000,0x00000000,0x00000000,0x00000000,0x00000000,0x00000000,0x01ffffff,0x01ffffff,
0x01ffffff,0x01ffffff,0x00000000,0x00000000,0x00000000,0x00000000,0x00000000,0x00000000,0x00000000,0x00000000,
0x00000000,0x00000000,0x00000000,0x00000000,0x00000000,0x00000000,0x00000000,0x00000000,0x00000000,0x00000000,
0x00000000,0x00000000,0x00000000,0x00000000,0x00000000,0x00000000,0x00000000,0x00000000,0x00000000,0x00000000,
0x00000000,0x00000000,0x00000000,0x00000000,0x00000000,0x00000000,0x00000000,0x00000000,0x00000000,0x00000000,
0x00000000,0x00000000,0x00000000,0x00000000,0x00000000,0x00000000,0x00000000,0x00000000,0x00000000,0x00000000,
0x00000000,0x00000000,0x00000000,0x00000000,0x00000000,0x00000000,0x00000000,0x00000000,0x00000000,0x00000000,
0x00000000,0x00000000,0x00000000,0x00000000,0x00000000,0x00000000,0x00000000,0x00000000,0x00000000,0x00000000,
0x00000000,0x00000000,0x00000000,0x00000000,0x00000000,0x00000000,0x00000000,0x00000000,0x00000000,0x00000000,
0x00000000,0x00000000,0x00000000,0x00000000,0x00000000,0x00000000,0x00000000,0x00000000,0x00000000,0x00000000,
0x00000000,0x00000000,0x00000000,0x00000000,0x00000000,0x00000000,0x00000000,0x00000000,0x00000000,0x00000000,
},
/* B source SHA256 e948e724ff89e154b887cf34272a48221c1bae3ace758965e14e4fb70a659e15 */
{
0x00000000,0x00000000,0x00000000,0x00000000,0x00000000,0x00000000,0x00000000,0x00000000,0x00000000,0x00000000,
0x00000000,0x00000000,0x00000000,0x00000000,0x00000000,0x00000000,0x00000000,0x00000000,0x00000000,0x00000000,
0x00000000,0x00000000,0x00000000,0x00000000,0x00000000,0x00000000,0x00000000,0x00000000,0x00000000,0x00000000,
0x00000000,0x00000000,0x00000000,0x00000000,0x00000000,0x00000000,0x00000000,0x00000000,0x00000000,0x00000000,
0x00000000,0x00000000,0x00000000,0x00000000,0x00000000,0x00000000,0x00000000,0x00000000,0x00000000,0x00000000,
0x00000000,0x00000000,0x00000000,0x00000000,0x00000000,0x00000000,0x00000000,0x00000000,0x00000000,0x00000000,
0x00000000,0x00000000,0x00000000,0x00000000,0x00000000,0x00000000,0x00000000,0x00000000,0x00000000,0x00000000,
0x00000000,0x00000000,0x00000000,0x00000000,0x00000000,0x00000000,0x00000000,0x00000000,0x00000000,0x00000000,
0x00000000,0x00000000,0x00000000,0x00000000,0x00000000,0x00000000,0x00000000,0x00000000,0x00000000,0x00000000,
0x00000000,0x00000000,0x00000000,0x00000000,0x00000000,0x00000000,0x00000000,0x00000000,0x01ffffff,0x01ffffff,
0x01ffffff,0x01ffffff,0x00000000,0x00000000,0x00000000,0x00000000,0x00000000,0x00000000,0x00000000,0x00000000,
0x00000000,0x00000000,0x00000000,0x00000000,0x00000000,0x00000000,0x00000000,0x00000000,0x00000000,0x00000000,
0x00000000,0x00000000,0x00000000,0x00000000,0x00000000,0x00000000,0x00000000,0x00000000,0x00000000,0x00000000,
0x00000000,0x00000000,0x00000000,0x00000000,0x01ffffff,0x03ffffff,0x04bfbfbf,0x027f7f7f,0x00000000,0x00000000,
0x00000000,0x00000000,0x027f7f7f,0x04bfbfbf,0x03ffffff,0x01ffffff,0x00000000,0x00000000,0x00000000,0x00000000,
0x00000000,0x00000000,0x00000000,0x00000000,0x00000000,0x00000000,0x00000000,0x00000000,0x00000000,0x00000000,
0x00000000,0x00000000,0x00000000,0x00000000,0x00000000,0x00000000,0x00000000,0x00000000,0x00000000,0x00000000,
0x00000000,0x00000000,0x01ffffff,0x03ffffff,0x00000000,0x00000000,0x00000000,0x00000000,0x08dfdfdf,0x0feeeeee,
0x0feeeeee,0x08dfdfdf,0x00000000,0x00000000,0x00000000,0x00000000,0x03ffffff,0x01ffffff,0x00000000,0x00000000,
0x00000000,0x00000000,0x00000000,0x00000000,0x00000000,0x00000000,0x00000000,0x00000000,0x00000000,0x00000000,
0x00000000,0x00000000,0x00000000,0x00000000,0x00000000,0x00000000,0x00000000,0x00000000,0x00000000,0x00000000,
0x00000000,0x03ffffff,0x00000000,0x00000000,0x0debebeb,0x50efefef,0x94ececec,0xc3ebebeb,0xdfeaeaea,0xecebebeb,
0xecebebeb,0xdfeaeaea,0xc3ebebeb,0x93ebebeb,0x50efefef,0x0eececec,0x00000000,0x00000000,0x03ffffff,0x00000000,
0x00000000,0x00000000,0x00000000,0x00000000,0x00000000,0x00000000,0x00000000,0x00000000,0x00000000,0x00000000,
0x00000000,0x00000000,0x00000000,0x00000000,0x00000000,0x00000000,0x00000000,0x00000000,0x00000000,0x01000000,
0x03ffffff,0x00000000,0x14e5e5e5,0x80efefef,0xe0f0f0f0,0xfff6f6f6,0xfffbfbfb,0xfff6f6f6,0xfff2f2f2,0xffefefef,
0xffefefef,0xfff2f2f2,0xfff6f6f6,0xfffbfbfb,0xfff7f7f7,0xe1f0f0f0,0x83efefef,0x15e6e6e6,0x00000000,0x03ffffff,
0x01ffffff,0x00000000,0x00000000,0x00000000,0x00000000,0x00000000,0x00000000,0x00000000,0x00000000,0x00000000,
0x00000000,0x00000000,0x00000000,0x00000000,0x00000000,0x00000000,0x00000000,0x00000000,0x01ffffff,0x01ffffff,
0x00000000,0x5cebebeb,0xe3f1f1f1,0xfffcfcfc,0xfff1f1f1,0xfde9e9e9,0xfbeaeaea,0xfceaeaea,0xfdeaeaea,0xfeeaeaea,
0xfeeaeaea,0xfdeaeaea,0xfceaeaea,0xfbeaeaea,0xfceaeaea,0xfff0f0f0,0xfffcfcfc,0xe4f1f1f1,0x5debebeb,0x00000000,
0x01ffffff,0x01ffffff,0x00000000,0x00000000,0x00000000,0x00000000,0x00000000,0x00000000,0x00000000,0x00000000,
0x00000000,0x00000000,0x00000000,0x00000000,0x00000000,0x00000000,0x00000000,0x01ffffff,0x027f7f7f,0x01000000,
0x92ededed,0xfff9f9f9,0xfff1f1f1,0xfbeaeaea,0xfeeaeaea,0xffebebeb,0xffebebeb,0xffebebeb,0xffebebeb,0xffebebeb,
0xffebebeb,0xffebebeb,0xffebebeb,0xffebebeb,0xffebebeb,0xfeeaeaea,0xfbeaeaea,0xfff0f0f0,0xfffafafa,0x94ededed,
0x01ffffff,0x01ffffff,0x01ffffff,0x00000000,0x00000000,0x00000000,0x00000000,0x00000000,0x00000000,0x00000000,
0x00000000,0x00000000,0x00000000,0x00000000,0x00000000,0x00000000,0x01ffffff,0x03aaaaaa,0x01ffffff,0xa6ececec,
0xfffefefe,0xfbebebeb,0xfdeaeaea,0xffebebeb,0xffebebeb,0xffebebeb,0xffebebeb,0xffebebeb,0xffebebeb,0xffebebeb,
0xffebebeb,0xffebebeb,0xffebebeb,0xffebebeb,0xffebebeb,0xffebebeb,0xffebebeb,0xfdeaeaea,0xfbebebeb,0xffffffff,
0xa7ececec,0x01ffffff,0x03aaaaaa,0x01ffffff,0x00000000,0x00000000,0x00000000,0x00000000,0x00000000,0x00000000,
0x00000000,0x00000000,0x00000000,0x00000000,0x00000000,0x00000000,0x03ffffff,0x00000000,0x94eaeaea,0xffffffff,
0xfaeaeaea,0xffebebeb,0xffebebeb,0xffebebeb,0xffebebeb,0xffe8e8e8,0xffe8e8e8,0xffe8e8e8,0xffe8e8e8,0xffe8e8e8,
0xffe8e8e8,0xffe8e8e8,0xffe9e9e9,0xffebebeb,0xffebebeb,0xffebebeb,0xffebebeb,0xffebebeb,0xffebebeb,0xfaeaeaea,
0xffffffff,0x94e8e8e8,0x00000000,0x03ffffff,0x00000000,0x00000000,0x00000000,0x00000000,0x00000000,0x00000000,
0x00000000,0x00000000,0x00000000,0x00000000,0x00000000,0x03ffffff,0x00000000,0x59e8e8e8,0xfffafafa,0xfaebebeb,
0xffebebeb,0xffebebeb,0xffebebeb,0xffebebeb,0xffececec,0xfff8f8f8,0xfffafafa,0xfff9f9f9,0xfff9f9f9,0xfff9f9f9,
0xfff9f9f9,0xfff9f9f9,0xfff5f5f5,0xffebebeb,0xffe9e9e9,0xffebebeb,0xffebebeb,0xffebebeb,0xffebebeb,0xffebebeb,
0xfaebebeb,0xfffbfbfb,0x59e8e8e8,0x00000000,0x03ffffff,0x00000000,0x00000000,0x00000000,0x00000000,0x00000000,
0x00000000,0x00000000,0x00000000,0x00000000,0x027f7f7f,0x01ffffff,0x13f1f1f1,0xe8ededed,0xfdf1f1f1,0xfdeaeaea,
0xffebebeb,0xffebebeb,0xffebebeb,0xffededed,0xffe5e5e5,0xff929292,0xff8a8a8a,0xff8d8d8d,0xff8f8f8f,0xff8f8f8f,
0xff8f8f8f,0xff979797,0xffb9b9b9,0xffececec,0xfff1f1f1,0xffe9e9e9,0xffebebeb,0xffebebeb,0xffebebeb,0xffebebeb,
0xfdeaeaea,0xfdf2f2f2,0xe8ececec,0x13e4e4e4,0x01ffffff,0x027f7f7f,0x00000000,0x00000000,0x00000000,0x00000000,
0x00000000,0x00000000,0x00000000,0x00000000,0x04bfbfbf,0x00000000,0x81ebebeb,0xfffdfdfd,0xfbe9e9e9,0xffebebeb,
0xffebebeb,0xffebebeb,0xffeaeaea,0xffeeeeee,0xffdedede,0xff2b2b2b,0xff1c1c1c,0xff1c1c1c,0xff121212,0xff131313,
0xff131313,0xff1b1b1b,0xff262626,0xff525252,0xffd3d3d3,0xfff1f1f1,0xffe9e9e9,0xffebebeb,0xffebebeb,0xffebebeb,
0xffebebeb,0xfbe9e9e9,0xfffdfdfd,0x80ebebeb,0x00000000,0x04bfbfbf,0x00000000,0x00000000,0x00000000,0x00000000,
0x00000000,0x00000000,0x00000000,0x01ffffff,0x00000000,0x0ce9e9e9,0xe5eaeaea,0xfef0f0f0,0xfdebebeb,0xffebebeb,
0xffebebeb,0xffebebeb,0xffeaeaea,0xffeeeeee,0xffdfdfdf,0xff3d3d3d,0xff292929,0xff494949,0xff747474,0xff6f6f6f,
0xff6f6f6f,0xff494949,0xff292929,0xff1e1e1e,0xff525252,0xffececec,0xffebebeb,0xffebebeb,0xffebebeb,0xffebebeb,
0xffebebeb,0xfdebebeb,0xfef1f1f1,0xe5e9e9e9,0x0bffffff,0x00000000,0x01ffffff,0x00000000,0x00000000,0x00000000,
0x00000000,0x00000000,0x00000000,0x03ffffff,0x00000000,0x4eebebeb,0xfff7f7f7,0xfde9e9e9,0xffebebeb,0xffebebeb,
0xffebebeb,0xffebebeb,0xffeaeaea,0xffeeeeee,0xffdfdfdf,0xff3c3c3c,0xff1d1d1d,0xff787878,0xffffffff,0xfff2f2f2,
0xfff5f5f5,0xffeaeaea,0xff616161,0xff272727,0xff292929,0xffc1c1c1,0xfff4f4f4,0xffe9e9e9,0xffebebeb,0xffebebeb,
0xffebebeb,0xffebebeb,0xfde9e9e9,0xfff7f7f7,0x4febebeb,0x00000000,0x03ffffff,0x00000000,0x00000000,0x00000000,
0x00000000,0x00000000,0x00000000,0x04ffffff,0x00000000,0x94eaeaea,0xfefbfbfb,0xfbeaeaea,0xffebebeb,0xffebebeb,
0xffebebeb,0xffebebeb,0xffeaeaea,0xffeeeeee,0xffdfdfdf,0xff3c3c3c,0xff1e1e1e,0xff727272,0xfff1f1f1,0xffe5e5e5,
0xffe2e2e2,0xfff9f9f9,0xffacacac,0xff232323,0xff272727,0xffb5b5b5,0xfff6f6f6,0xffe9e9e9,0xffebebeb,0xffebebeb,
0xffebebeb,0xffebebeb,0xfbeaeaea,0xfefbfbfb,0x96eaeaea,0x00000000,0x04ffffff,0x00000000,0x00000000,0x00000000,
0x00000000,0x00000000,0x00000000,0x01ffffff,0x00000000,0xc4eaeaea,0xfff6f6f6,0xfcebebeb,0xffebebeb,0xffebebeb,
0xffebebeb,0xffebebeb,0xffeaeaea,0xffeeeeee,0xffdfdfdf,0xff3c3c3c,0xff1d1d1d,0xff787878,0xffffffff,0xfff3f3f3,
0xfff5f5f5,0xfffefefe,0xff7d7d7d,0xff1a1a1a,0xff323232,0xffd7d7d7,0xffefefef,0xffeaeaea,0xffebebeb,0xffebebeb,
0xffebebeb,0xffebebeb,0xfceaeaea,0xfff6f6f6,0xc3eaeaea,0x00000000,0x01ffffff,0x00000000,0x00000000,0x00000000,
0x00000000,0x00000000,0x01ffffff,0x00000000,0x07ffffff,0xdfeaeaea,0xfff2f2f2,0xfdebebeb,0xffebebeb,0xffebebeb,
0xffebebeb,0xffebebeb,0xffeaeaea,0xffeeeeee,0xffdfdfdf,0xff3b3b3b,0xff222222,0xff5f5f5f,0xffb8b8b8,0xffafafaf,
0xffafafaf,0xff787878,0xff2b2b2b,0xff3a3a3a,0xffa4a4a4,0xfff3f3f3,0xffe9e9e9,0xffebebeb,0xffebebeb,0xffebebeb,
0xffebebeb,0xffebebeb,0xfdebebeb,0xfff2f2f2,0xdeebebeb,0x07dadada,0x00000000,0x01ffffff,0x00000000,0x00000000,
0x00000000,0x00000000,0x01ffffff,0x00000000,0x10dfdfdf,0xedeaeaea,0xffefefef,0xfeeaeaea,0xffebebeb,0xffebebeb,
0xffebebeb,0xffebebeb,0xffeaeaea,0xffeeeeee,0xffdfdfdf,0xff393939,0xff2b2b2b,0xff252525,0xff151515,0xff171717,
0xff151515,0xff161616,0xff333333,0xff939393,0xfff4f4f4,0xffeeeeee,0xffeaeaea,0xffebebeb,0xffebebeb,0xffebebeb,
0xffebebeb,0xffebebeb,0xfeeaeaea,0xffefefef,0xecebebeb,0x0feeeeee,0x00000000,0x01ffffff,0x00000000,0x00000000,
0x00000000,0x00000000,0x01ffffff,0x00000000,0x10dfdfdf,0xedeaeaea,0xffefefef,0xfeeaeaea,0xffebebeb,0xffebebeb,
0xffebebeb,0xffebebeb,0xffeaeaea,0xffeeeeee,0xffdfdfdf,0xff3a3a3a,0xff252525,0xff4c4c4c,0xff838383,0xff7d7d7d,
0xff808080,0xff656565,0xff2c2c2c,0xff222222,0xff5a5a5a,0xffe4e4e4,0xffededed,0xffeaeaea,0xffebebeb,0xffebebeb,
0xffebebeb,0xffebebeb,0xfeeaeaea,0xffefefef,0xecebebeb,0x0feeeeee,0x00000000,0x01ffffff,0x00000000,0x00000000,
0x00000000,0x00000000,0x01ffffff,0x00000000,0x07ffffff,0xdfeaeaea,0xfff2f2f2,0xfdebebeb,0xffebebeb,0xffebebeb,
0xffebebeb,0xffebebeb,0xffeaeaea,0xffeeeeee,0xffdfdfdf,0xff3c3c3c,0xff1d1d1d,0xff797979,0xffffffff,0xfff5f5f5,
0xfff6f6f6,0xfffafafa,0xffa4a4a4,0xff2c2c2c,0xff1b1b1b,0xff868686,0xfff8f8f8,0xffe8e8e8,0xffebebeb,0xffebebeb,
0xffebebeb,0xffebebeb,0xfdeaeaea,0xfff2f2f2,0xdeebebeb,0x07dadada,0x00000000,0x01ffffff,0x00000000,0x00000000,
0x00000000,0x00000000,0x00000000,0x01ffffff,0x00000000,0xc3ebebeb,0xfff6f6f6,0xfcebebeb,0xffebebeb,0xffebebeb,
0xffebebeb,0xffebebeb,0xffeaeaea,0xffeeeeee,0xffdfdfdf,0xff3c3c3c,0xff1e1e1e,0xff727272,0xfff1f1f1,0xffe5e5e5,
0xffe6e6e6,0xffe8e8e8,0xfff0f0f0,0xff4f4f4f,0xff1e1e1e,0xff555555,0xffefefef,0xffeaeaea,0xffebebeb,0xffebebeb,
0xffebebeb,0xffebebeb,0xfceaeaea,0xfff6f6f6,0xc3eaeaea,0x00000000,0x01ffffff,0x00000000,0x00000000,0x00000000,
0x00000000,0x00000000,0x00000000,0x04ffffff,0x00000000,0x94eaeaea,0xfefbfbfb,0xfbeaeaea,0xffebebeb,0xffebebeb,
0xffebebeb,0xffebebeb,0xffeaeaea,0xffeeeeee,0xffdfdfdf,0xff3c3c3c,0xff1e1e1e,0xff777777,0xfffefefe,0xfff0f0f0,
0xfff1f1f1,0xfff9f9f9,0xffe6e6e6,0xff434343,0xff222222,0xff535353,0xffededed,0xffebebeb,0xffebebeb,0xffebebeb,
0xffebebeb,0xffebebeb,0xfbeaeaea,0xfefbfbfb,0x95ececec,0x00000000,0x04ffffff,0x00000000,0x00000000,0x00000000,
0x00000000,0x00000000,0x00000000,0x03ffffff,0x00000000,0x4eebebeb,0xfff7f7f7,0xfde9e9e9,0xffebebeb,0xffebebeb,
0xffebebeb,0xffebebeb,0xffeaeaea,0xffeeeeee,0xffdfdfdf,0xff3c3c3c,0xff212121,0xff686868,0xffd2d2d2,0xffc7c7c7,
0xffc8c8c8,0xffbcbcbc,0xff656565,0xff2c2c2c,0xff1e1e1e,0xff7a7a7a,0xfff7f7f7,0xffe8e8e8,0xffebebeb,0xffebebeb,
0xffebebeb,0xffebebeb,0xfde9e9e9,0xfff7f7f7,0x4eebebeb,0x00000000,0x03ffffff,0x00000000,0x00000000,0x00000000,
0x00000000,0x00000000,0x00000000,0x01ffffff,0x00000000,0x0ce9e9e9,0xe5eaeaea,0xfef0f0f0,0xfdebebeb,0xffebebeb,
0xffebebeb,0xffebebeb,0xffeaeaea,0xffeeeeee,0xffdfdfdf,0xff373737,0xff282828,0xff2c2c2c,0xff2b2b2b,0xff2b2b2b,
0xff2a2a2a,0xff212121,0xff1f1f1f,0xff1d1d1d,0xff424242,0xffd9d9d9,0xffefefef,0xffeaeaea,0xffebebeb,0xffebebeb,
0xffebebeb,0xfdebebeb,0xfef1f1f1,0xe5e9e9e9,0x0ce9e9e9,0x00000000,0x01ffffff,0x00000000,0x00000000,0x00000000,
0x00000000,0x00000000,0x00000000,0x00000000,0x04bfbfbf,0x00000000,0x80ebebeb,0xfffcfcfc,0xfbe9e9e9,0xffebebeb,
0xffebebeb,0xffebebeb,0xffeaeaea,0xffeeeeee,0xffe0e0e0,0xff414141,0xff323232,0xff363636,0xff353535,0xff353535,
0xff353535,0xff3a3a3a,0xff4a4a4a,0xff7b7b7b,0xffdadada,0xfff2f2f2,0xffe9e9e9,0xffebebeb,0xffebebeb,0xffebebeb,
0xffebebeb,0xfbe9e9e9,0xfffdfdfd,0x7fececec,0x00000000,0x04bfbfbf,0x00000000,0x00000000,0x00000000,0x00000000,
0x00000000,0x00000000,0x00000000,0x00000000,0x027f7f7f,0x01ffffff,0x13e4e4e4,0xe8ececec,0xfef0f0f0,0xfdeaeaea,
0xffebebeb,0xffebebeb,0xffebebeb,0xffebebeb,0xffeaeaea,0xffd9d9d9,0xffd7d7d7,0xffd8d8d8,0xffd8d8d8,0xffd8d8d8,
0xffd8d8d8,0xffdcdcdc,0xffe9e9e9,0xfff8f8f8,0xffefefef,0xffe9e9e9,0xffebebeb,0xffebebeb,0xffebebeb,0xffebebeb,
0xfdeaeaea,0xfef1f1f1,0xe7ededed,0x13e4e4e4,0x01ffffff,0x027f7f7f,0x00000000,0x00000000,0x00000000,0x00000000,
0x00000000,0x00000000,0x00000000,0x00000000,0x00000000,0x03ffffff,0x00000000,0x58eaeaea,0xfffafafa,0xfaebebeb,
0xffebebeb,0xffebebeb,0xffebebeb,0xffebebeb,0xffebebeb,0xffefefef,0xfff0f0f0,0xfff0f0f0,0xfff0f0f0,0xfff0f0f0,
0xfff0f0f0,0xffefefef,0xffececec,0xffe8e8e8,0xffeaeaea,0xffebebeb,0xffebebeb,0xffebebeb,0xffebebeb,0xffebebeb,
0xfaebebeb,0xfffafafa,0x58eaeaea,0x00000000,0x03ffffff,0x00000000,0x00000000,0x00000000,0x00000000,0x00000000,
0x00000000,0x00000000,0x00000000,0x00000000,0x00000000,0x00000000,0x03ffffff,0x00000000,0x93eaeaea,0xffffffff,
0xfaeaeaea,0xffebebeb,0xffebebeb,0xffebebeb,0xffebebeb,0xffeaeaea,0xffeaeaea,0xffeaeaea,0xffeaeaea,0xffeaeaea,
0xffeaeaea,0xffeaeaea,0xffebebeb,0xffebebeb,0xffebebeb,0xffebebeb,0xffebebeb,0xffebebeb,0xffebebeb,0xfaeaeaea,
0xffffffff,0x93eaeaea,0x00000000,0x03ffffff,0x00000000,0x00000000,0x00000000,0x00000000,0x00000000,0x00000000,
0x00000000,0x00000000,0x00000000,0x00000000,0x00000000,0x00000000,0x01ffffff,0x03ffffff,0x01ffffff,0xa6ebebeb,
0xffffffff,0xfbebebeb,0xfdeaeaea,0xffebebeb,0xffebebeb,0xffebebeb,0xffebebeb,0xffebebeb,0xffebebeb,0xffebebeb,
0xffebebeb,0xffebebeb,0xffebebeb,0xffebebeb,0xffebebeb,0xffebebeb,0xffebebeb,0xfdeaeaea,0xfbebebeb,0xffffffff,
0xa6ececec,0x01ffffff,0x03ffffff,0x01ffffff,0x00000000,0x00000000,0x00000000,0x00000000,0x00000000,0x00000000,
0x00000000,0x00000000,0x00000000,0x00000000,0x00000000,0x00000000,0x00000000,0x01ffffff,0x027f7f7f,0x00000000,
0x92ededed,0xfff9f9f9,0xfff1f1f1,0xfbeaeaea,0xfdebebeb,0xffebebeb,0xffebebeb,0xffebebeb,0xffebebeb,0xffebebeb,
0xffebebeb,0xffebebeb,0xffebebeb,0xffebebeb,0xffebebeb,0xfeeaeaea,0xfbeaeaea,0xfff0f0f0,0xfff9f9f9,0x92efefef,
0x01ffffff,0x027f7f7f,0x01ffffff,0x00000000,0x00000000,0x00000000,0x00000000,0x00000000,0x00000000,0x00000000,
0x00000000,0x00000000,0x00000000,0x00000000,0x00000000,0x00000000,0x00000000,0x00000000,0x01ffffff,0x02ffffff,
0x00000000,0x5bebebeb,0xe2f1f1f1,0xfffcfcfc,0xfff1f1f1,0xfde9e9e9,0xfbeaeaea,0xfceaeaea,0xfdeaeaea,0xfeeaeaea,
0xfeeaeaea,0xfdeaeaea,0xfceaeaea,0xfbeaeaea,0xfceaeaea,0xfff0f0f0,0xfffcfcfc,0xe4f1f1f1,0x5cebebeb,0x00000000,
0x01ffffff,0x01ffffff,0x00000000,0x00000000,0x00000000,0x00000000,0x00000000,0x00000000,0x00000000,0x00000000,
0x00000000,0x00000000,0x00000000,0x00000000,0x00000000,0x00000000,0x00000000,0x00000000,0x00000000,0x00000000,
0x03ffffff,0x00000000,0x14e5e5e5,0x7feeeeee,0xe0f0f0f0,0xfff6f6f6,0xfffbfbfb,0xfff7f7f7,0xfff2f2f2,0xffefefef,
0xffefefef,0xfff2f2f2,0xfff7f7f7,0xfffbfbfb,0xfff7f7f7,0xe1efefef,0x81f1f1f1,0x15dadada,0x00000000,0x03ffffff,
0x01000000,0x00000000,0x00000000,0x00000000,0x00000000,0x00000000,0x00000000,0x00000000,0x00000000,0x00000000,
0x00000000,0x00000000,0x00000000,0x00000000,0x00000000,0x00000000,0x00000000,0x00000000,0x00000000,0x00000000,
0x00000000,0x03ffffff,0x00000000,0x00000000,0x0ce9e9e9,0x50ebebeb,0x95ededed,0xc3ebebeb,0xdeebebeb,0xecebebeb,
0xecebebeb,0xdeebebeb,0xc3ebebeb,0x95ececec,0x51efefef,0x0debebeb,0x00000000,0x00000000,0x03ffffff,0x00000000,
0x00000000,0x00000000,0x00000000,0x00000000,0x00000000,0x00000000,0x00000000,0x00000000,0x00000000,0x00000000,
0x00000000,0x00000000,0x00000000,0x00000000,0x00000000,0x00000000,0x00000000,0x00000000,0x00000000,0x00000000,
0x00000000,0x00000000,0x01ffffff,0x03ffffff,0x00000000,0x00000000,0x00000000,0x00000000,0x07ffffff,0x0feeeeee,
0x0feeeeee,0x07ffffff,0x00000000,0x00000000,0x00000000,0x00000000,0x03ffffff,0x01ffffff,0x00000000,0x00000000,
0x00000000,0x00000000,0x00000000,0x00000000,0x00000000,0x00000000,0x00000000,0x00000000,0x00000000,0x00000000,
0x00000000,0x00000000,0x00000000,0x00000000,0x00000000,0x00000000,0x00000000,0x00000000,0x00000000,0x00000000,
0x00000000,0x00000000,0x00000000,0x00000000,0x01ffffff,0x03ffffff,0x04bfbfbf,0x027f7f7f,0x00000000,0x00000000,
0x00000000,0x00000000,0x027f7f7f,0x04bfbfbf,0x03ffffff,0x01ffffff,0x00000000,0x00000000,0x00000000,0x00000000,
0x00000000,0x00000000,0x00000000,0x00000000,0x00000000,0x00000000,0x00000000,0x00000000,0x00000000,0x00000000,
0x00000000,0x00000000,0x00000000,0x00000000,0x00000000,0x00000000,0x00000000,0x00000000,0x00000000,0x00000000,
0x00000000,0x00000000,0x00000000,0x00000000,0x00000000,0x00000000,0x00000000,0x00000000,0x01ffffff,0x01ffffff,
0x01ffffff,0x01ffffff,0x00000000,0x00000000,0x00000000,0x00000000,0x00000000,0x00000000,0x00000000,0x00000000,
0x00000000,0x00000000,0x00000000,0x00000000,0x00000000,0x00000000,0x00000000,0x00000000,0x00000000,0x00000000,
0x00000000,0x00000000,0x00000000,0x00000000,0x00000000,0x00000000,0x00000000,0x00000000,0x00000000,0x00000000,
0x00000000,0x00000000,0x00000000,0x00000000,0x00000000,0x00000000,0x00000000,0x00000000,0x00000000,0x00000000,
0x00000000,0x00000000,0x00000000,0x00000000,0x00000000,0x00000000,0x00000000,0x00000000,0x00000000,0x00000000,
0x00000000,0x00000000,0x00000000,0x00000000,0x00000000,0x00000000,0x00000000,0x00000000,0x00000000,0x00000000,
0x00000000,0x00000000,0x00000000,0x00000000,0x00000000,0x00000000,0x00000000,0x00000000,0x00000000,0x00000000,
0x00000000,0x00000000,0x00000000,0x00000000,0x00000000,0x00000000,0x00000000,0x00000000,0x00000000,0x00000000,
0x00000000,0x00000000,0x00000000,0x00000000,0x00000000,0x00000000,0x00000000,0x00000000,0x00000000,0x00000000,
0x00000000,0x00000000,0x00000000,0x00000000,0x00000000,0x00000000,0x00000000,0x00000000,0x00000000,0x00000000,
},
/* X source SHA256 19df4cf5bc519c4116f4b7b6f1f351faad1ef09cdfa94aa7f15f4a98910142ce */
{
0x00000000,0x00000000,0x00000000,0x00000000,0x00000000,0x00000000,0x00000000,0x00000000,0x00000000,0x00000000,
0x00000000,0x00000000,0x00000000,0x00000000,0x00000000,0x00000000,0x00000000,0x00000000,0x00000000,0x00000000,
0x00000000,0x00000000,0x00000000,0x00000000,0x00000000,0x00000000,0x00000000,0x00000000,0x00000000,0x00000000,
0x00000000,0x00000000,0x00000000,0x00000000,0x00000000,0x00000000,0x00000000,0x00000000,0x00000000,0x00000000,
0x00000000,0x00000000,0x00000000,0x00000000,0x00000000,0x00000000,0x00000000,0x00000000,0x00000000,0x00000000,
0x00000000,0x00000000,0x00000000,0x00000000,0x00000000,0x00000000,0x00000000,0x00000000,0x00000000,0x00000000,
0x00000000,0x00000000,0x00000000,0x00000000,0x00000000,0x00000000,0x00000000,0x00000000,0x00000000,0x00000000,
0x00000000,0x00000000,0x00000000,0x00000000,0x00000000,0x00000000,0x00000000,0x00000000,0x00000000,0x00000000,
0x00000000,0x00000000,0x00000000,0x00000000,0x00000000,0x00000000,0x00000000,0x00000000,0x00000000,0x00000000,
0x00000000,0x00000000,0x00000000,0x00000000,0x00000000,0x00000000,0x00000000,0x00000000,0x01ffffff,0x01ffffff,
0x01ffffff,0x01ffffff,0x00000000,0x00000000,0x00000000,0x00000000,0x00000000,0x00000000,0x00000000,0x00000000,
0x00000000,0x00000000,0x00000000,0x00000000,0x00000000,0x00000000,0x00000000,0x00000000,0x00000000,0x00000000,
0x00000000,0x00000000,0x00000000,0x00000000,0x00000000,0x00000000,0x00000000,0x00000000,0x00000000,0x00000000,
0x00000000,0x00000000,0x00000000,0x00000000,0x01ffffff,0x03ffffff,0x04bfbfbf,0x027f7f7f,0x00000000,0x00000000,
0x00000000,0x00000000,0x027f7f7f,0x04bfbfbf,0x03ffffff,0x01ffffff,0x00000000,0x00000000,0x00000000,0x00000000,
0x00000000,0x00000000,0x00000000,0x00000000,0x00000000,0x00000000,0x00000000,0x00000000,0x00000000,0x00000000,
0x00000000,0x00000000,0x00000000,0x00000000,0x00000000,0x00000000,0x00000000,0x00000000,0x00000000,0x00000000,
0x00000000,0x00000000,0x01ffffff,0x03ffffff,0x00000000,0x00000000,0x00000000,0x00000000,0x08dfdfdf,0x0feeeeee,
0x0feeeeee,0x08dfdfdf,0x00000000,0x00000000,0x00000000,0x00000000,0x03ffffff,0x01ffffff,0x00000000,0x00000000,
0x00000000,0x00000000,0x00000000,0x00000000,0x00000000,0x00000000,0x00000000,0x00000000,0x00000000,0x00000000,
0x00000000,0x00000000,0x00000000,0x00000000,0x00000000,0x00000000,0x00000000,0x00000000,0x00000000,0x00000000,
0x00000000,0x03ffffff,0x00000000,0x00000000,0x0debebeb,0x50efefef,0x94ececec,0xc3ebebeb,0xdfeaeaea,0xecebebeb,
0xecebebeb,0xdfeaeaea,0xc3ebebeb,0x93ebebeb,0x50efefef,0x0eececec,0x00000000,0x00000000,0x03ffffff,0x00000000,
0x00000000,0x00000000,0x00000000,0x00000000,0x00000000,0x00000000,0x00000000,0x00000000,0x00000000,0x00000000,
0x00000000,0x00000000,0x00000000,0x00000000,0x00000000,0x00000000,0x00000000,0x00000000,0x00000000,0x01000000,
0x03ffffff,0x00000000,0x14e5e5e5,0x80efefef,0xe0f0f0f0,0xfff6f6f6,0xfffbfbfb,0xfff6f6f6,0xfff2f2f2,0xffefefef,
0xffefefef,0xfff2f2f2,0xfff6f6f6,0xfffbfbfb,0xfff7f7f7,0xe1f0f0f0,0x83efefef,0x15e6e6e6,0x00000000,0x03ffffff,
0x01ffffff,0x00000000,0x00000000,0x00000000,0x00000000,0x00000000,0x00000000,0x00000000,0x00000000,0x00000000,
0x00000000,0x00000000,0x00000000,0x00000000,0x00000000,0x00000000,0x00000000,0x00000000,0x01ffffff,0x01ffffff,
0x00000000,0x5cebebeb,0xe3f1f1f1,0xfffcfcfc,0xfff1f1f1,0xfde9e9e9,0xfbeaeaea,0xfceaeaea,0xfdeaeaea,0xfeeaeaea,
0xfeeaeaea,0xfdeaeaea,0xfceaeaea,0xfbeaeaea,0xfceaeaea,0xfff0f0f0,0xfffcfcfc,0xe4f1f1f1,0x5debebeb,0x00000000,
0x01ffffff,0x01ffffff,0x00000000,0x00000000,0x00000000,0x00000000,0x00000000,0x00000000,0x00000000,0x00000000,
0x00000000,0x00000000,0x00000000,0x00000000,0x00000000,0x00000000,0x00000000,0x01ffffff,0x027f7f7f,0x01000000,
0x92ededed,0xfff9f9f9,0xfff1f1f1,0xfbeaeaea,0xfeeaeaea,0xffebebeb,0xffebebeb,0xffebebeb,0xffebebeb,0xffebebeb,
0xffebebeb,0xffebebeb,0xffebebeb,0xffebebeb,0xffebebeb,0xfeeaeaea,0xfbeaeaea,0xfff0f0f0,0xfffafafa,0x94ededed,
0x01ffffff,0x01ffffff,0x01ffffff,0x00000000,0x00000000,0x00000000,0x00000000,0x00000000,0x00000000,0x00000000,
0x00000000,0x00000000,0x00000000,0x00000000,0x00000000,0x00000000,0x01ffffff,0x03aaaaaa,0x01ffffff,0xa6ececec,
0xfffefefe,0xfbebebeb,0xfdeaeaea,0xffebebeb,0xffebebeb,0xffebebeb,0xffebebeb,0xffebebeb,0xffebebeb,0xffebebeb,
0xffebebeb,0xffebebeb,0xffebebeb,0xffebebeb,0xffebebeb,0xffebebeb,0xffebebeb,0xfdeaeaea,0xfbebebeb,0xffffffff,
0xa7ececec,0x01ffffff,0x03aaaaaa,0x01ffffff,0x00000000,0x00000000,0x00000000,0x00000000,0x00000000,0x00000000,
0x00000000,0x00000000,0x00000000,0x00000000,0x00000000,0x00000000,0x03ffffff,0x00000000,0x94eaeaea,0xffffffff,
0xfaeaeaea,0xffebebeb,0xffebebeb,0xffebebeb,0xffe8e8e8,0xffe8e8e8,0xffe8e8e8,0xffebebeb,0xffebebeb,0xffebebeb,
0xffebebeb,0xffebebeb,0xffebebeb,0xffe8e8e8,0xffe8e8e8,0xffe8e8e8,0xffeaeaea,0xffebebeb,0xffebebeb,0xfaeaeaea,
0xffffffff,0x94e8e8e8,0x00000000,0x03ffffff,0x00000000,0x00000000,0x00000000,0x00000000,0x00000000,0x00000000,
0x00000000,0x00000000,0x00000000,0x00000000,0x00000000,0x03ffffff,0x00000000,0x59e8e8e8,0xfffafafa,0xfaebebeb,
0xffebebeb,0xffebebeb,0xffebebeb,0xffececec,0xfff9f9f9,0xfffafafa,0xfff8f8f8,0xffebebeb,0xffebebeb,0xffebebeb,
0xffebebeb,0xffebebeb,0xffeaeaea,0xfff6f6f6,0xfffafafa,0xfffafafa,0xffeeeeee,0xffeaeaea,0xffebebeb,0xffebebeb,
0xfaebebeb,0xfffbfbfb,0x59e8e8e8,0x00000000,0x03ffffff,0x00000000,0x00000000,0x00000000,0x00000000,0x00000000,
0x00000000,0x00000000,0x00000000,0x00000000,0x027f7f7f,0x01ffffff,0x13f1f1f1,0xe8ededed,0xfdf1f1f1,0xfdeaeaea,
0xffebebeb,0xffebebeb,0xffededed,0xffe2e2e2,0xff8f8f8f,0xff898989,0xff959595,0xffe8e8e8,0xffececec,0xffebebeb,
0xffebebeb,0xffeaeaea,0xfff0f0f0,0xffa2a2a2,0xff898989,0xff888888,0xffd5d5d5,0xfff0f0f0,0xffeaeaea,0xffebebeb,
0xfdeaeaea,0xfdf2f2f2,0xe8ececec,0x13e4e4e4,0x01ffffff,0x027f7f7f,0x00000000,0x00000000,0x00000000,0x00000000,
0x00000000,0x00000000,0x00000000,0x00000000,0x04bfbfbf,0x00000000,0x81ebebeb,0xfffdfdfd,0xfbe9e9e9,0xffebebeb,
0xffebebeb,0xffebebeb,0xffe9e9e9,0xfff3f3f3,0xff707070,0xff131313,0xff1a1a1a,0xff9b9b9b,0xfff9f9f9,0xffe8e8e8,
0xffe8e8e8,0xfff5f5f5,0xffbbbbbb,0xff222222,0xff141414,0xff505050,0xffebebeb,0xffebebeb,0xffebebeb,0xffebebeb,
0xffebebeb,0xfbe9e9e9,0xfffdfdfd,0x80ebebeb,0x00000000,0x04bfbfbf,0x00000000,0x00000000,0x00000000,0x00000000,
0x00000000,0x00000000,0x00000000,0x01ffffff,0x00000000,0x0ce9e9e9,0xe5eaeaea,0xfef0f0f0,0xfdebebeb,0xffebebeb,
0xffebebeb,0xffebebeb,0xffeaeaea,0xffefefef,0xffe7e7e7,0xff464646,0xff272727,0xff393939,0xffdadada,0xffefefef,
0xffeaeaea,0xffececec,0xff4f4f4f,0xff262626,0xff333333,0xffcfcfcf,0xfff4f4f4,0xffe9e9e9,0xffebebeb,0xffebebeb,
0xffebebeb,0xfdebebeb,0xfef1f1f1,0xe5e9e9e9,0x0bffffff,0x00000000,0x01ffffff,0x00000000,0x00000000,0x00000000,
0x00000000,0x00000000,0x00000000,0x03ffffff,0x00000000,0x4eebebeb,0xfff7f7f7,0xfde9e9e9,0xffebebeb,0xffebebeb,
0xffebebeb,0xffebebeb,0xffebebeb,0xffe8e8e8,0xfff7f7f7,0xffadadad,0xff262626,0xff222222,0xff747474,0xfff4f4f4,
0xfff6f6f6,0xff959595,0xff232323,0xff222222,0xff898989,0xfff9f9f9,0xffe8e8e8,0xffebebeb,0xffebebeb,0xffebebeb,
0xffebebeb,0xffebebeb,0xfde9e9e9,0xfff7f7f7,0x4febebeb,0x00000000,0x03ffffff,0x00000000,0x00000000,0x00000000,
0x00000000,0x00000000,0x00000000,0x04ffffff,0x00000000,0x94eaeaea,0xfefbfbfb,0xfbeaeaea,0xffebebeb,0xffebebeb,
0xffebebeb,0xffebebeb,0xffebebeb,0xffebebeb,0xffe9e9e9,0xfff5f5f5,0xff696969,0xff222222,0xff282828,0xffc2c2c2,
0xffe1e1e1,0xff343434,0xff242424,0xff484848,0xffe7e7e7,0xffededed,0xffeaeaea,0xffebebeb,0xffebebeb,0xffebebeb,
0xffebebeb,0xffebebeb,0xfbeaeaea,0xfefbfbfb,0x96eaeaea,0x00000000,0x04ffffff,0x00000000,0x00000000,0x00000000,
0x00000000,0x00000000,0x00000000,0x01ffffff,0x00000000,0xc4eaeaea,0xfff6f6f6,0xfcebebeb,0xffebebeb,0xffebebeb,
0xffebebeb,0xffebebeb,0xffebebeb,0xffebebeb,0xffe9e9e9,0xfff1f1f1,0xffd4d4d4,0xff353535,0xff202020,0xff5a5a5a,
0xff6d6d6d,0xff232323,0xff262626,0xffb4b4b4,0xfff6f6f6,0xffe8e8e8,0xffebebeb,0xffebebeb,0xffebebeb,0xffebebeb,
0xffebebeb,0xffebebeb,0xfceaeaea,0xfff6f6f6,0xc3eaeaea,0x00000000,0x01ffffff,0x00000000,0x00000000,0x00000000,
0x00000000,0x00000000,0x01ffffff,0x00000000,0x07ffffff,0xdfeaeaea,0xfff2f2f2,0xfdebebeb,0xffebebeb,0xffebebeb,
0xffebebeb,0xffebebeb,0xffebebeb,0xffebebeb,0xffebebeb,0xffe8e8e8,0xfff9f9f9,0xff959595,0xff222222,0xff2c2c2c,
0xff2a2a2a,0xff222222,0xff6d6d6d,0xfff6f6f6,0xffe8e8e8,0xffebebeb,0xffebebeb,0xffebebeb,0xffebebeb,0xffebebeb,
0xffebebeb,0xffebebeb,0xfdebebeb,0xfff2f2f2,0xdeebebeb,0x07dadada,0x00000000,0x01ffffff,0x00000000,0x00000000,
0x00000000,0x00000000,0x01ffffff,0x00000000,0x10dfdfdf,0xedeaeaea,0xffefefef,0xfeeaeaea,0xffebebeb,0xffebebeb,
0xffebebeb,0xffebebeb,0xffebebeb,0xffebebeb,0xffebebeb,0xffebebeb,0xffeaeaea,0xffefefef,0xff505050,0xff282828,
0xff2f2f2f,0xff333333,0xffd7d7d7,0xfff0f0f0,0xffe9e9e9,0xffebebeb,0xffebebeb,0xffebebeb,0xffebebeb,0xffebebeb,
0xffebebeb,0xffebebeb,0xfeeaeaea,0xffefefef,0xecebebeb,0x0feeeeee,0x00000000,0x01ffffff,0x00000000,0x00000000,
0x00000000,0x00000000,0x01ffffff,0x00000000,0x10dfdfdf,0xedeaeaea,0xffefefef,0xfeeaeaea,0xffebebeb,0xffebebeb,
0xffebebeb,0xffebebeb,0xffebebeb,0xffebebeb,0xffebebeb,0xffe9e9e9,0xfff1f1f1,0xffcfcfcf,0xff383838,0xff2a2a2a,
0xff2d2d2d,0xff292929,0xffaeaeae,0xfff6f6f6,0xffe8e8e8,0xffebebeb,0xffebebeb,0xffebebeb,0xffebebeb,0xffebebeb,
0xffebebeb,0xffebebeb,0xfeeaeaea,0xffefefef,0xecebebeb,0x0feeeeee,0x00000000,0x01ffffff,0x00000000,0x00000000,
0x00000000,0x00000000,0x01ffffff,0x00000000,0x07ffffff,0xdfeaeaea,0xfff2f2f2,0xfdebebeb,0xffebebeb,0xffebebeb,
0xffebebeb,0xffebebeb,0xffebebeb,0xffebebeb,0xffebebeb,0xffeaeaea,0xfff3f3f3,0xff5f5f5f,0xff1f1f1f,0xff333333,
0xff353535,0xff252525,0xff3f3f3f,0xffe1e1e1,0xffeeeeee,0xffeaeaea,0xffebebeb,0xffebebeb,0xffebebeb,0xffebebeb,
0xffebebeb,0xffebebeb,0xfdeaeaea,0xfff2f2f2,0xdeebebeb,0x07dadada,0x00000000,0x01ffffff,0x00000000,0x00000000,
0x00000000,0x00000000,0x00000000,0x01ffffff,0x00000000,0xc3ebebeb,0xfff6f6f6,0xfcebebeb,0xffebebeb,0xffebebeb,
0xffebebeb,0xffebebeb,0xffebebeb,0xffebebeb,0xffe8e8e8,0xfff8f8f8,0xffa3a3a3,0xff242424,0xff202020,0xff888888,
0xffa7a7a7,0xff222222,0xff222222,0xff7b7b7b,0xfff8f8f8,0xffe8e8e8,0xffebebeb,0xffebebeb,0xffebebeb,0xffebebeb,
0xffebebeb,0xffebebeb,0xfceaeaea,0xfff6f6f6,0xc3eaeaea,0x00000000,0x01ffffff,0x00000000,0x00000000,0x00000000,
0x00000000,0x00000000,0x00000000,0x04ffffff,0x00000000,0x94eaeaea,0xfefbfbfb,0xfbeaeaea,0xffebebeb,0xffebebeb,
0xffebebeb,0xffebebeb,0xffebebeb,0xffeaeaea,0xffefefef,0xffdcdcdc,0xff3b3b3b,0xff252525,0xff404040,0xffe2e2e2,
0xfff4f4f4,0xff575757,0xff252525,0xff2a2a2a,0xffbfbfbf,0xfff5f5f5,0xffe8e8e8,0xffebebeb,0xffebebeb,0xffebebeb,
0xffebebeb,0xffebebeb,0xfbeaeaea,0xfefbfbfb,0x95ececec,0x00000000,0x04ffffff,0x00000000,0x00000000,0x00000000,
0x00000000,0x00000000,0x00000000,0x03ffffff,0x00000000,0x4eebebeb,0xfff7f7f7,0xfde9e9e9,0xffebebeb,0xffebebeb,
0xffebebeb,0xffebebeb,0xffebebeb,0xffe9e9e9,0xfff8f8f8,0xff737373,0xff232323,0xff252525,0xffa8a8a8,0xfff5f5f5,
0xfff0f0f0,0xffc5c5c5,0xff2d2d2d,0xff252525,0xff515151,0xffededed,0xffececec,0xffebebeb,0xffebebeb,0xffebebeb,
0xffebebeb,0xffebebeb,0xfde9e9e9,0xfff7f7f7,0x4eebebeb,0x00000000,0x03ffffff,0x00000000,0x00000000,0x00000000,
0x00000000,0x00000000,0x00000000,0x01ffffff,0x00000000,0x0ce9e9e9,0xe5eaeaea,0xfef0f0f0,0xfdebebeb,0xffebebeb,
0xffebebeb,0xffebebeb,0xffe8e8e8,0xfff7f7f7,0xffb3b3b3,0xff252525,0xff212121,0xff616161,0xfff3f3f3,0xffe9e9e9,
0xffe8e8e8,0xfff8f8f8,0xff808080,0xff212121,0xff202020,0xff909090,0xfff9f9f9,0xffe8e8e8,0xffebebeb,0xffebebeb,
0xffebebeb,0xfdebebeb,0xfef1f1f1,0xe5e9e9e9,0x0ce9e9e9,0x00000000,0x01ffffff,0x00000000,0x00000000,0x00000000,
0x00000000,0x00000000,0x00000000,0x00000000,0x04bfbfbf,0x00000000,0x80ebebeb,0xfffcfcfc,0xfbe9e9e9,0xffebebeb,
0xffebebeb,0xffeaeaea,0xffededed,0xffe5e5e5,0xff505050,0xff2e2e2e,0xff3a3a3a,0xffcdcdcd,0xfff2f2f2,0xffe9e9e9,
0xffeaeaea,0xffeeeeee,0xffe2e2e2,0xff4a4a4a,0xff2f2f2f,0xff3c3c3c,0xffd1d1d1,0xfff0f0f0,0xffeaeaea,0xffebebeb,
0xffebebeb,0xfbe9e9e9,0xfffdfdfd,0x7fececec,0x00000000,0x04bfbfbf,0x00000000,0x00000000,0x00000000,0x00000000,
0x00000000,0x00000000,0x00000000,0x00000000,0x027f7f7f,0x01ffffff,0x13e4e4e4,0xe8ececec,0xfef0f0f0,0xfdeaeaea,
0xffebebeb,0xffebebeb,0xffececec,0xffe5e5e5,0xffd4d4d4,0xffd7d7d7,0xffdddddd,0xffeeeeee,0xffeaeaea,0xffebebeb,
0xffebebeb,0xffeaeaea,0xffeeeeee,0xffe1e1e1,0xffd7d7d7,0xffd5d5d5,0xffe0e0e0,0xffededed,0xffeaeaea,0xffebebeb,
0xfdeaeaea,0xfef1f1f1,0xe7ededed,0x13e4e4e4,0x01ffffff,0x027f7f7f,0x00000000,0x00000000,0x00000000,0x00000000,
0x00000000,0x00000000,0x00000000,0x00000000,0x00000000,0x03ffffff,0x00000000,0x58eaeaea,0xfffafafa,0xfaebebeb,
0xffebebeb,0xffebebeb,0xffebebeb,0xffececec,0xfff1f1f1,0xfff0f0f0,0xffeeeeee,0xffeaeaea,0xffebebeb,0xffebebeb,
0xffebebeb,0xffebebeb,0xffeaeaea,0xffededed,0xfff0f0f0,0xfff1f1f1,0xffeeeeee,0xffebebeb,0xffebebeb,0xffebebeb,
0xfaebebeb,0xfffafafa,0x58eaeaea,0x00000000,0x03ffffff,0x00000000,0x00000000,0x00000000,0x00000000,0x00000000,
0x00000000,0x00000000,0x00000000,0x00000000,0x00000000,0x00000000,0x03ffffff,0x00000000,0x93eaeaea,0xffffffff,
0xfaeaeaea,0xffebebeb,0xffebebeb,0xffebebeb,0xffeaeaea,0xffeaeaea,0xffeaeaea,0xffebebeb,0xffebebeb,0xffebebeb,
0xffebebeb,0xffebebeb,0xffebebeb,0xffeaeaea,0xffeaeaea,0xffeaeaea,0xffebebeb,0xffebebeb,0xffebebeb,0xfaeaeaea,
0xffffffff,0x93eaeaea,0x00000000,0x03ffffff,0x00000000,0x00000000,0x00000000,0x00000000,0x00000000,0x00000000,
0x00000000,0x00000000,0x00000000,0x00000000,0x00000000,0x00000000,0x01ffffff,0x03ffffff,0x01ffffff,0xa6ebebeb,
0xffffffff,0xfbebebeb,0xfdeaeaea,0xffebebeb,0xffebebeb,0xffebebeb,0xffebebeb,0xffebebeb,0xffebebeb,0xffebebeb,
0xffebebeb,0xffebebeb,0xffebebeb,0xffebebeb,0xffebebeb,0xffebebeb,0xffebebeb,0xfdeaeaea,0xfbebebeb,0xffffffff,
0xa6ececec,0x01ffffff,0x03ffffff,0x01ffffff,0x00000000,0x00000000,0x00000000,0x00000000,0x00000000,0x00000000,
0x00000000,0x00000000,0x00000000,0x00000000,0x00000000,0x00000000,0x00000000,0x01ffffff,0x027f7f7f,0x00000000,
0x92ededed,0xfff9f9f9,0xfff1f1f1,0xfbeaeaea,0xfdebebeb,0xffebebeb,0xffebebeb,0xffebebeb,0xffebebeb,0xffebebeb,
0xffebebeb,0xffebebeb,0xffebebeb,0xffebebeb,0xffebebeb,0xfeeaeaea,0xfbeaeaea,0xfff0f0f0,0xfff9f9f9,0x92efefef,
0x01ffffff,0x027f7f7f,0x01ffffff,0x00000000,0x00000000,0x00000000,0x00000000,0x00000000,0x00000000,0x00000000,
0x00000000,0x00000000,0x00000000,0x00000000,0x00000000,0x00000000,0x00000000,0x00000000,0x01ffffff,0x02ffffff,
0x00000000,0x5bebebeb,0xe2f1f1f1,0xfffcfcfc,0xfff1f1f1,0xfde9e9e9,0xfbeaeaea,0xfceaeaea,0xfdeaeaea,0xfeeaeaea,
0xfeeaeaea,0xfdeaeaea,0xfceaeaea,0xfbeaeaea,0xfceaeaea,0xfff0f0f0,0xfffcfcfc,0xe4f1f1f1,0x5cebebeb,0x00000000,
0x01ffffff,0x01ffffff,0x00000000,0x00000000,0x00000000,0x00000000,0x00000000,0x00000000,0x00000000,0x00000000,
0x00000000,0x00000000,0x00000000,0x00000000,0x00000000,0x00000000,0x00000000,0x00000000,0x00000000,0x00000000,
0x03ffffff,0x00000000,0x14e5e5e5,0x7feeeeee,0xe0f0f0f0,0xfff6f6f6,0xfffbfbfb,0xfff7f7f7,0xfff2f2f2,0xffefefef,
0xffefefef,0xfff2f2f2,0xfff7f7f7,0xfffbfbfb,0xfff7f7f7,0xe1efefef,0x81f1f1f1,0x15dadada,0x00000000,0x03ffffff,
0x01000000,0x00000000,0x00000000,0x00000000,0x00000000,0x00000000,0x00000000,0x00000000,0x00000000,0x00000000,
0x00000000,0x00000000,0x00000000,0x00000000,0x00000000,0x00000000,0x00000000,0x00000000,0x00000000,0x00000000,
0x00000000,0x03ffffff,0x00000000,0x00000000,0x0ce9e9e9,0x50ebebeb,0x95ededed,0xc3ebebeb,0xdeebebeb,0xecebebeb,
0xecebebeb,0xdeebebeb,0xc3ebebeb,0x95ececec,0x51efefef,0x0debebeb,0x00000000,0x00000000,0x03ffffff,0x00000000,
0x00000000,0x00000000,0x00000000,0x00000000,0x00000000,0x00000000,0x00000000,0x00000000,0x00000000,0x00000000,
0x00000000,0x00000000,0x00000000,0x00000000,0x00000000,0x00000000,0x00000000,0x00000000,0x00000000,0x00000000,
0x00000000,0x00000000,0x01ffffff,0x03ffffff,0x00000000,0x00000000,0x00000000,0x00000000,0x07ffffff,0x0feeeeee,
0x0feeeeee,0x07ffffff,0x00000000,0x00000000,0x00000000,0x00000000,0x03ffffff,0x01ffffff,0x00000000,0x00000000,
0x00000000,0x00000000,0x00000000,0x00000000,0x00000000,0x00000000,0x00000000,0x00000000,0x00000000,0x00000000,
0x00000000,0x00000000,0x00000000,0x00000000,0x00000000,0x00000000,0x00000000,0x00000000,0x00000000,0x00000000,
0x00000000,0x00000000,0x00000000,0x00000000,0x01ffffff,0x03ffffff,0x04bfbfbf,0x027f7f7f,0x00000000,0x00000000,
0x00000000,0x00000000,0x027f7f7f,0x04bfbfbf,0x03ffffff,0x01ffffff,0x00000000,0x00000000,0x00000000,0x00000000,
0x00000000,0x00000000,0x00000000,0x00000000,0x00000000,0x00000000,0x00000000,0x00000000,0x00000000,0x00000000,
0x00000000,0x00000000,0x00000000,0x00000000,0x00000000,0x00000000,0x00000000,0x00000000,0x00000000,0x00000000,
0x00000000,0x00000000,0x00000000,0x00000000,0x00000000,0x00000000,0x00000000,0x00000000,0x01ffffff,0x01ffffff,
0x01ffffff,0x01ffffff,0x00000000,0x00000000,0x00000000,0x00000000,0x00000000,0x00000000,0x00000000,0x00000000,
0x00000000,0x00000000,0x00000000,0x00000000,0x00000000,0x00000000,0x00000000,0x00000000,0x00000000,0x00000000,
0x00000000,0x00000000,0x00000000,0x00000000,0x00000000,0x00000000,0x00000000,0x00000000,0x00000000,0x00000000,
0x00000000,0x00000000,0x00000000,0x00000000,0x00000000,0x00000000,0x00000000,0x00000000,0x00000000,0x00000000,
0x00000000,0x00000000,0x00000000,0x00000000,0x00000000,0x00000000,0x00000000,0x00000000,0x00000000,0x00000000,
0x00000000,0x00000000,0x00000000,0x00000000,0x00000000,0x00000000,0x00000000,0x00000000,0x00000000,0x00000000,
0x00000000,0x00000000,0x00000000,0x00000000,0x00000000,0x00000000,0x00000000,0x00000000,0x00000000,0x00000000,
0x00000000,0x00000000,0x00000000,0x00000000,0x00000000,0x00000000,0x00000000,0x00000000,0x00000000,0x00000000,
0x00000000,0x00000000,0x00000000,0x00000000,0x00000000,0x00000000,0x00000000,0x00000000,0x00000000,0x00000000,
0x00000000,0x00000000,0x00000000,0x00000000,0x00000000,0x00000000,0x00000000,0x00000000,0x00000000,0x00000000,
},
/* Y source SHA256 fb7d87ef5ed14c037df46b1b4add77e96e8b4542dbcb9cdbb112f7048a50a4c2 */
{
0x00000000,0x00000000,0x00000000,0x00000000,0x00000000,0x00000000,0x00000000,0x00000000,0x00000000,0x00000000,
0x00000000,0x00000000,0x00000000,0x00000000,0x00000000,0x00000000,0x00000000,0x00000000,0x00000000,0x00000000,
0x00000000,0x00000000,0x00000000,0x00000000,0x00000000,0x00000000,0x00000000,0x00000000,0x00000000,0x00000000,
0x00000000,0x00000000,0x00000000,0x00000000,0x00000000,0x00000000,0x00000000,0x00000000,0x00000000,0x00000000,
0x00000000,0x00000000,0x00000000,0x00000000,0x00000000,0x00000000,0x00000000,0x00000000,0x00000000,0x00000000,
0x00000000,0x00000000,0x00000000,0x00000000,0x00000000,0x00000000,0x00000000,0x00000000,0x00000000,0x00000000,
0x00000000,0x00000000,0x00000000,0x00000000,0x00000000,0x00000000,0x00000000,0x00000000,0x00000000,0x00000000,
0x00000000,0x00000000,0x00000000,0x00000000,0x00000000,0x00000000,0x00000000,0x00000000,0x00000000,0x00000000,
0x00000000,0x00000000,0x00000000,0x00000000,0x00000000,0x00000000,0x00000000,0x00000000,0x00000000,0x00000000,
0x00000000,0x00000000,0x00000000,0x00000000,0x00000000,0x00000000,0x00000000,0x00000000,0x01ffffff,0x01ffffff,
0x01ffffff,0x01ffffff,0x00000000,0x00000000,0x00000000,0x00000000,0x00000000,0x00000000,0x00000000,0x00000000,
0x00000000,0x00000000,0x00000000,0x00000000,0x00000000,0x00000000,0x00000000,0x00000000,0x00000000,0x00000000,
0x00000000,0x00000000,0x00000000,0x00000000,0x00000000,0x00000000,0x00000000,0x00000000,0x00000000,0x00000000,
0x00000000,0x00000000,0x00000000,0x00000000,0x01ffffff,0x03ffffff,0x04bfbfbf,0x027f7f7f,0x00000000,0x00000000,
0x00000000,0x00000000,0x027f7f7f,0x04bfbfbf,0x03ffffff,0x01ffffff,0x00000000,0x00000000,0x00000000,0x00000000,
0x00000000,0x00000000,0x00000000,0x00000000,0x00000000,0x00000000,0x00000000,0x00000000,0x00000000,0x00000000,
0x00000000,0x00000000,0x00000000,0x00000000,0x00000000,0x00000000,0x00000000,0x00000000,0x00000000,0x00000000,
0x00000000,0x00000000,0x01ffffff,0x03ffffff,0x00000000,0x00000000,0x00000000,0x00000000,0x08dfdfdf,0x0feeeeee,
0x0feeeeee,0x08dfdfdf,0x00000000,0x00000000,0x00000000,0x00000000,0x03ffffff,0x01ffffff,0x00000000,0x00000000,
0x00000000,0x00000000,0x00000000,0x00000000,0x00000000,0x00000000,0x00000000,0x00000000,0x00000000,0x00000000,
0x00000000,0x00000000,0x00000000,0x00000000,0x00000000,0x00000000,0x00000000,0x00000000,0x00000000,0x00000000,
0x00000000,0x03ffffff,0x00000000,0x00000000,0x0debebeb,0x50efefef,0x94ececec,0xc3ebebeb,0xdfeaeaea,0xecebebeb,
0xecebebeb,0xdfeaeaea,0xc3ebebeb,0x93ebebeb,0x50efefef,0x0eececec,0x00000000,0x00000000,0x03ffffff,0x00000000,
0x00000000,0x00000000,0x00000000,0x00000000,0x00000000,0x00000000,0x00000000,0x00000000,0x00000000,0x00000000,
0x00000000,0x00000000,0x00000000,0x00000000,0x00000000,0x00000000,0x00000000,0x00000000,0x00000000,0x01000000,
0x03ffffff,0x00000000,0x14e5e5e5,0x80efefef,0xe0f0f0f0,0xfff6f6f6,0xfffbfbfb,0xfff6f6f6,0xfff2f2f2,0xffefefef,
0xffefefef,0xfff2f2f2,0xfff6f6f6,0xfffbfbfb,0xfff7f7f7,0xe1f0f0f0,0x83efefef,0x15e6e6e6,0x00000000,0x03ffffff,
0x01ffffff,0x00000000,0x00000000,0x00000000,0x00000000,0x00000000,0x00000000,0x00000000,0x00000000,0x00000000,
0x00000000,0x00000000,0x00000000,0x00000000,0x00000000,0x00000000,0x00000000,0x00000000,0x01ffffff,0x01ffffff,
0x00000000,0x5cebebeb,0xe3f1f1f1,0xfffcfcfc,0xfff1f1f1,0xfde9e9e9,0xfbeaeaea,0xfceaeaea,0xfdeaeaea,0xfeeaeaea,
0xfeeaeaea,0xfdeaeaea,0xfceaeaea,0xfbeaeaea,0xfceaeaea,0xfff0f0f0,0xfffcfcfc,0xe4f1f1f1,0x5debebeb,0x00000000,
0x01ffffff,0x01ffffff,0x00000000,0x00000000,0x00000000,0x00000000,0x00000000,0x00000000,0x00000000,0x00000000,
0x00000000,0x00000000,0x00000000,0x00000000,0x00000000,0x00000000,0x00000000,0x01ffffff,0x027f7f7f,0x01000000,
0x92ededed,0xfff9f9f9,0xfff1f1f1,0xfbeaeaea,0xfeeaeaea,0xffebebeb,0xffebebeb,0xffebebeb,0xffebebeb,0xffebebeb,
0xffebebeb,0xffebebeb,0xffebebeb,0xffebebeb,0xffebebeb,0xfeeaeaea,0xfbeaeaea,0xfff0f0f0,0xfffafafa,0x94ededed,
0x01ffffff,0x01ffffff,0x01ffffff,0x00000000,0x00000000,0x00000000,0x00000000,0x00000000,0x00000000,0x00000000,
0x00000000,0x00000000,0x00000000,0x00000000,0x00000000,0x00000000,0x01ffffff,0x03aaaaaa,0x01ffffff,0xa6ececec,
0xfffefefe,0xfbebebeb,0xfdeaeaea,0xffebebeb,0xffebebeb,0xffebebeb,0xffebebeb,0xffebebeb,0xffebebeb,0xffebebeb,
0xffebebeb,0xffebebeb,0xffebebeb,0xffebebeb,0xffebebeb,0xffebebeb,0xffebebeb,0xfdeaeaea,0xfbebebeb,0xffffffff,
0xa7ececec,0x01ffffff,0x03aaaaaa,0x01ffffff,0x00000000,0x00000000,0x00000000,0x00000000,0x00000000,0x00000000,
0x00000000,0x00000000,0x00000000,0x00000000,0x00000000,0x00000000,0x03ffffff,0x00000000,0x94eaeaea,0xffffffff,
0xfaeaeaea,0xffebebeb,0xffebebeb,0xffebebeb,0xffebebeb,0xffebebeb,0xffebebeb,0xffebebeb,0xffebebeb,0xffebebeb,
0xffebebeb,0xffebebeb,0xffebebeb,0xffebebeb,0xffebebeb,0xffebebeb,0xffebebeb,0xffebebeb,0xffebebeb,0xfaeaeaea,
0xffffffff,0x94e8e8e8,0x00000000,0x03ffffff,0x00000000,0x00000000,0x00000000,0x00000000,0x00000000,0x00000000,
0x00000000,0x00000000,0x00000000,0x00000000,0x00000000,0x03ffffff,0x00000000,0x59e8e8e8,0xfffafafa,0xfaebebeb,
0xffebebeb,0xffebebeb,0xffebebeb,0xffeaeaea,0xffe8e8e8,0xffe8e8e8,0xffe9e9e9,0xffebebeb,0xffebebeb,0xffebebeb,
0xffebebeb,0xffebebeb,0xffebebeb,0xffe9e9e9,0xffe8e8e8,0xffe8e8e8,0xffe9e9e9,0xffebebeb,0xffebebeb,0xffebebeb,
0xfaebebeb,0xfffbfbfb,0x59e8e8e8,0x00000000,0x03ffffff,0x00000000,0x00000000,0x00000000,0x00000000,0x00000000,
0x00000000,0x00000000,0x00000000,0x00000000,0x027f7f7f,0x01ffffff,0x13f1f1f1,0xe8ededed,0xfdf1f1f1,0xfdeaeaea,
0xffebebeb,0xffebebeb,0xffeaeaea,0xfff0f0f0,0xfffbfbfb,0xfffafafa,0xfff4f4f4,0xffeaeaea,0xffebebeb,0xffebebeb,
0xffebebeb,0xffebebeb,0xffeaeaea,0xfff1f1f1,0xfffafafa,0xfffbfbfb,0xfff3f3f3,0xffeaeaea,0xffebebeb,0xffebebeb,
0xfdeaeaea,0xfdf2f2f2,0xe8ececec,0x13e4e4e4,0x01ffffff,0x027f7f7f,0x00000000,0x00000000,0x00000000,0x00000000,
0x00000000,0x00000000,0x00000000,0x00000000,0x04bfbfbf,0x00000000,0x81ebebeb,0xfffdfdfd,0xfbe9e9e9,0xffebebeb,
0xffebebeb,0xffeaeaea,0xfff1f1f1,0xffc8c8c8,0xff868686,0xff878787,0xffb2b2b2,0xfff3f3f3,0xffe9e9e9,0xffebebeb,
0xffebebeb,0xffe9e9e9,0xfff2f2f2,0xffc6c6c6,0xff878787,0xff868686,0xffb4b4b4,0xfff2f2f2,0xffeaeaea,0xffebebeb,
0xffebebeb,0xfbe9e9e9,0xfffdfdfd,0x80ebebeb,0x00000000,0x04bfbfbf,0x00000000,0x00000000,0x00000000,0x00000000,
0x00000000,0x00000000,0x00000000,0x01ffffff,0x00000000,0x0ce9e9e9,0xe5eaeaea,0xfef0f0f0,0xfdebebeb,0xffebebeb,
0xffebebeb,0xffeaeaea,0xffeeeeee,0xffdddddd,0xff373737,0xff151515,0xff343434,0xffdbdbdb,0xffefefef,0xffeaeaea,
0xffebebeb,0xffeaeaea,0xffefefef,0xff525252,0xff161616,0xff212121,0xffc0c0c0,0xfff3f3f3,0xffe9e9e9,0xffebebeb,
0xffebebeb,0xfdebebeb,0xfef1f1f1,0xe5e9e9e9,0x0bffffff,0x00000000,0x01ffffff,0x00000000,0x00000000,0x00000000,
0x00000000,0x00000000,0x00000000,0x03ffffff,0x00000000,0x4eebebeb,0xfff7f7f7,0xfde9e9e9,0xffebebeb,0xffebebeb,
0xffebebeb,0xffebebeb,0xffe8e8e8,0xfffafafa,0xffadadad,0xff282828,0xff232323,0xff7c7c7c,0xfff8f8f8,0xffe8e8e8,
0xffe8e8e8,0xfff8f8f8,0xffa4a4a4,0xff252525,0xff252525,0xff868686,0xfffbfbfb,0xffe8e8e8,0xffebebeb,0xffebebeb,
0xffebebeb,0xffebebeb,0xfde9e9e9,0xfff7f7f7,0x4febebeb,0x00000000,0x03ffffff,0x00000000,0x00000000,0x00000000,
0x00000000,0x00000000,0x00000000,0x04ffffff,0x00000000,0x94eaeaea,0xfefbfbfb,0xfbeaeaea,0xffebebeb,0xffebebeb,
0xffebebeb,0xffebebeb,0xffebebeb,0xffeaeaea,0xfff2f2f2,0xff5e5e5e,0xff232323,0xff303030,0xffcccccc,0xfff2f2f2,
0xffebebeb,0xffe6e6e6,0xff454545,0xff232323,0xff404040,0xffe1e1e1,0xffeeeeee,0xffeaeaea,0xffebebeb,0xffebebeb,
0xffebebeb,0xffebebeb,0xfbeaeaea,0xfefbfbfb,0x96eaeaea,0x00000000,0x04ffffff,0x00000000,0x00000000,0x00000000,
0x00000000,0x00000000,0x00000000,0x01ffffff,0x00000000,0xc4eaeaea,0xfff6f6f6,0xfcebebeb,0xffebebeb,0xffebebeb,
0xffebebeb,0xffebebeb,0xffebebeb,0xffe9e9e9,0xfff3f3f3,0xffc5c5c5,0xff2d2d2d,0xff222222,0xff696969,0xfff2f2f2,
0xfff6f6f6,0xff909090,0xff222222,0xff242424,0xffa0a0a0,0xfff8f8f8,0xffe8e8e8,0xffebebeb,0xffebebeb,0xffebebeb,
0xffebebeb,0xffebebeb,0xfceaeaea,0xfff6f6f6,0xc3eaeaea,0x00000000,0x01ffffff,0x00000000,0x00000000,0x00000000,
0x00000000,0x00000000,0x01ffffff,0x00000000,0x07ffffff,0xdfeaeaea,0xfff2f2f2,0xfdebebeb,0xffebebeb,0xffebebeb,
0xffebebeb,0xffebebeb,0xffebebeb,0xffebebeb,0xffe8e8e8,0xfff8f8f8,0xff7a7a7a,0xff212121,0xff282828,0xffc0c0c0,
0xffe5e5e5,0xff373737,0xff222222,0xff565656,0xffefefef,0xffeaeaea,0xffebebeb,0xffebebeb,0xffebebeb,0xffebebeb,
0xffebebeb,0xffebebeb,0xfdebebeb,0xfff2f2f2,0xdeebebeb,0x07dadada,0x00000000,0x01ffffff,0x00000000,0x00000000,
0x00000000,0x00000000,0x01ffffff,0x00000000,0x10dfdfdf,0xedeaeaea,0xffefefef,0xfeeaeaea,0xffebebeb,0xffebebeb,
0xffebebeb,0xffebebeb,0xffebebeb,0xffebebeb,0xffeaeaea,0xffefefef,0xffdbdbdb,0xff3b3b3b,0xff1f1f1f,0xff616161,
0xff7b7b7b,0xff222222,0xff2a2a2a,0xffbdbdbd,0xfff5f5f5,0xffe9e9e9,0xffebebeb,0xffebebeb,0xffebebeb,0xffebebeb,
0xffebebeb,0xffebebeb,0xfeeaeaea,0xffefefef,0xecebebeb,0x0feeeeee,0x00000000,0x01ffffff,0x00000000,0x00000000,
0x00000000,0x00000000,0x01ffffff,0x00000000,0x10dfdfdf,0xedeaeaea,0xffefefef,0xfeeaeaea,0xffebebeb,0xffebebeb,
0xffebebeb,0xffebebeb,0xffebebeb,0xffebebeb,0xffebebeb,0xffe8e8e8,0xfff9f9f9,0xff989898,0xff202020,0xff2d2d2d,
0xff2c2c2c,0xff212121,0xff707070,0xfff7f7f7,0xffe8e8e8,0xffebebeb,0xffebebeb,0xffebebeb,0xffebebeb,0xffebebeb,
0xffebebeb,0xffebebeb,0xfeeaeaea,0xffefefef,0xecebebeb,0x0feeeeee,0x00000000,0x01ffffff,0x00000000,0x00000000,
0x00000000,0x00000000,0x01ffffff,0x00000000,0x07ffffff,0xdfeaeaea,0xfff2f2f2,0xfdebebeb,0xffebebeb,0xffebebeb,
0xffebebeb,0xffebebeb,0xffebebeb,0xffebebeb,0xffebebeb,0xffebebeb,0xffebebeb,0xffebebeb,0xff4f4f4f,0xff272727,
0xff2e2e2e,0xff353535,0xffd5d5d5,0xfff0f0f0,0xffeaeaea,0xffebebeb,0xffebebeb,0xffebebeb,0xffebebeb,0xffebebeb,
0xffebebeb,0xffebebeb,0xfdeaeaea,0xfff2f2f2,0xdeebebeb,0x07dadada,0x00000000,0x01ffffff,0x00000000,0x00000000,
0x00000000,0x00000000,0x00000000,0x01ffffff,0x00000000,0xc3ebebeb,0xfff6f6f6,0xfcebebeb,0xffebebeb,0xffebebeb,
0xffebebeb,0xffebebeb,0xffebebeb,0xffebebeb,0xffebebeb,0xffebebeb,0xffe8e8e8,0xfff7f7f7,0xffafafaf,0xff272727,
0xff222222,0xff878787,0xfff9f9f9,0xffe7e7e7,0xffebebeb,0xffebebeb,0xffebebeb,0xffebebeb,0xffebebeb,0xffebebeb,
0xffebebeb,0xffebebeb,0xfceaeaea,0xfff6f6f6,0xc3eaeaea,0x00000000,0x01ffffff,0x00000000,0x00000000,0x00000000,
0x00000000,0x00000000,0x00000000,0x04ffffff,0x00000000,0x94eaeaea,0xfefbfbfb,0xfbeaeaea,0xffebebeb,0xffebebeb,
0xffebebeb,0xffebebeb,0xffebebeb,0xffebebeb,0xffebebeb,0xffebebeb,0xffe9e9e9,0xfff3f3f3,0xffc3c3c3,0xff2c2c2c,
0xff212121,0xff9e9e9e,0xfff7f7f7,0xffe8e8e8,0xffebebeb,0xffebebeb,0xffebebeb,0xffebebeb,0xffebebeb,0xffebebeb,
0xffebebeb,0xffebebeb,0xfbeaeaea,0xfefbfbfb,0x95ececec,0x00000000,0x04ffffff,0x00000000,0x00000000,0x00000000,
0x00000000,0x00000000,0x00000000,0x03ffffff,0x00000000,0x4eebebeb,0xfff7f7f7,0xfde9e9e9,0xffebebeb,0xffebebeb,
0xffebebeb,0xffebebeb,0xffebebeb,0xffebebeb,0xffebebeb,0xffebebeb,0xffe9e9e9,0xfff4f4f4,0xffbfbfbf,0xff2b2b2b,
0xff212121,0xff9a9a9a,0xfff8f8f8,0xffe8e8e8,0xffebebeb,0xffebebeb,0xffebebeb,0xffebebeb,0xffebebeb,0xffebebeb,
0xffebebeb,0xffebebeb,0xfde9e9e9,0xfff7f7f7,0x4eebebeb,0x00000000,0x03ffffff,0x00000000,0x00000000,0x00000000,
0x00000000,0x00000000,0x00000000,0x01ffffff,0x00000000,0x0ce9e9e9,0xe5eaeaea,0xfef0f0f0,0xfdebebeb,0xffebebeb,
0xffebebeb,0xffebebeb,0xffebebeb,0xffebebeb,0xffebebeb,0xffebebeb,0xffe9e9e9,0xfff4f4f4,0xffc0c0c0,0xff2c2c2c,
0xff222222,0xff9b9b9b,0xfff8f8f8,0xffe8e8e8,0xffebebeb,0xffebebeb,0xffebebeb,0xffebebeb,0xffebebeb,0xffebebeb,
0xffebebeb,0xfdebebeb,0xfef1f1f1,0xe5e9e9e9,0x0ce9e9e9,0x00000000,0x01ffffff,0x00000000,0x00000000,0x00000000,
0x00000000,0x00000000,0x00000000,0x00000000,0x04bfbfbf,0x00000000,0x80ebebeb,0xfffcfcfc,0xfbe9e9e9,0xffebebeb,
0xffebebeb,0xffebebeb,0xffebebeb,0xffebebeb,0xffebebeb,0xffebebeb,0xffe9e9e9,0xfff4f4f4,0xffc0c0c0,0xff292929,
0xff1f1f1f,0xff9a9a9a,0xfff8f8f8,0xffe8e8e8,0xffebebeb,0xffebebeb,0xffebebeb,0xffebebeb,0xffebebeb,0xffebebeb,
0xffebebeb,0xfbe9e9e9,0xfffdfdfd,0x7fececec,0x00000000,0x04bfbfbf,0x00000000,0x00000000,0x00000000,0x00000000,
0x00000000,0x00000000,0x00000000,0x00000000,0x027f7f7f,0x01ffffff,0x13e4e4e4,0xe8ececec,0xfef0f0f0,0xfdeaeaea,
0xffebebeb,0xffebebeb,0xffebebeb,0xffebebeb,0xffebebeb,0xffebebeb,0xffe9e9e9,0xfff4f4f4,0xffc2c2c2,0xff333333,
0xff2a2a2a,0xff9e9e9e,0xfff7f7f7,0xffe8e8e8,0xffebebeb,0xffebebeb,0xffebebeb,0xffebebeb,0xffebebeb,0xffebebeb,
0xfdeaeaea,0xfef1f1f1,0xe7ededed,0x13e4e4e4,0x01ffffff,0x027f7f7f,0x00000000,0x00000000,0x00000000,0x00000000,
0x00000000,0x00000000,0x00000000,0x00000000,0x00000000,0x03ffffff,0x00000000,0x58eaeaea,0xfffafafa,0xfaebebeb,
0xffebebeb,0xffebebeb,0xffebebeb,0xffebebeb,0xffebebeb,0xffebebeb,0xffebebeb,0xffececec,0xffe6e6e6,0xffd7d7d7,
0xffd6d6d6,0xffe3e3e3,0xffececec,0xffebebeb,0xffebebeb,0xffebebeb,0xffebebeb,0xffebebeb,0xffebebeb,0xffebebeb,
0xfaebebeb,0xfffafafa,0x58eaeaea,0x00000000,0x03ffffff,0x00000000,0x00000000,0x00000000,0x00000000,0x00000000,
0x00000000,0x00000000,0x00000000,0x00000000,0x00000000,0x00000000,0x03ffffff,0x00000000,0x93eaeaea,0xffffffff,
0xfaeaeaea,0xffebebeb,0xffebebeb,0xffebebeb,0xffebebeb,0xffebebeb,0xffebebeb,0xffebebeb,0xffececec,0xfff0f0f0,
0xfff0f0f0,0xffededed,0xffebebeb,0xffebebeb,0xffebebeb,0xffebebeb,0xffebebeb,0xffebebeb,0xffebebeb,0xfaeaeaea,
0xffffffff,0x93eaeaea,0x00000000,0x03ffffff,0x00000000,0x00000000,0x00000000,0x00000000,0x00000000,0x00000000,
0x00000000,0x00000000,0x00000000,0x00000000,0x00000000,0x00000000,0x01ffffff,0x03ffffff,0x01ffffff,0xa6ebebeb,
0xffffffff,0xfbebebeb,0xfdeaeaea,0xffebebeb,0xffebebeb,0xffebebeb,0xffebebeb,0xffebebeb,0xffebebeb,0xffeaeaea,
0xffeaeaea,0xffebebeb,0xffebebeb,0xffebebeb,0xffebebeb,0xffebebeb,0xffebebeb,0xfdeaeaea,0xfbebebeb,0xffffffff,
0xa6ececec,0x01ffffff,0x03ffffff,0x01ffffff,0x00000000,0x00000000,0x00000000,0x00000000,0x00000000,0x00000000,
0x00000000,0x00000000,0x00000000,0x00000000,0x00000000,0x00000000,0x00000000,0x01ffffff,0x027f7f7f,0x00000000,
0x92ededed,0xfff9f9f9,0xfff1f1f1,0xfbeaeaea,0xfdebebeb,0xffebebeb,0xffebebeb,0xffebebeb,0xffebebeb,0xffebebeb,
0xffebebeb,0xffebebeb,0xffebebeb,0xffebebeb,0xffebebeb,0xfeeaeaea,0xfbeaeaea,0xfff0f0f0,0xfff9f9f9,0x92efefef,
0x01ffffff,0x027f7f7f,0x01ffffff,0x00000000,0x00000000,0x00000000,0x00000000,0x00000000,0x00000000,0x00000000,
0x00000000,0x00000000,0x00000000,0x00000000,0x00000000,0x00000000,0x00000000,0x00000000,0x01ffffff,0x02ffffff,
0x00000000,0x5bebebeb,0xe2f1f1f1,0xfffcfcfc,0xfff1f1f1,0xfde9e9e9,0xfbeaeaea,0xfceaeaea,0xfdeaeaea,0xfeeaeaea,
0xfeeaeaea,0xfdeaeaea,0xfceaeaea,0xfbeaeaea,0xfceaeaea,0xfff0f0f0,0xfffcfcfc,0xe4f1f1f1,0x5cebebeb,0x00000000,
0x01ffffff,0x01ffffff,0x00000000,0x00000000,0x00000000,0x00000000,0x00000000,0x00000000,0x00000000,0x00000000,
0x00000000,0x00000000,0x00000000,0x00000000,0x00000000,0x00000000,0x00000000,0x00000000,0x00000000,0x00000000,
0x03ffffff,0x00000000,0x14e5e5e5,0x7feeeeee,0xe0f0f0f0,0xfff6f6f6,0xfffbfbfb,0xfff7f7f7,0xfff2f2f2,0xffefefef,
0xffefefef,0xfff2f2f2,0xfff7f7f7,0xfffbfbfb,0xfff7f7f7,0xe1efefef,0x81f1f1f1,0x15dadada,0x00000000,0x03ffffff,
0x01000000,0x00000000,0x00000000,0x00000000,0x00000000,0x00000000,0x00000000,0x00000000,0x00000000,0x00000000,
0x00000000,0x00000000,0x00000000,0x00000000,0x00000000,0x00000000,0x00000000,0x00000000,0x00000000,0x00000000,
0x00000000,0x03ffffff,0x00000000,0x00000000,0x0ce9e9e9,0x50ebebeb,0x95ededed,0xc3ebebeb,0xdeebebeb,0xecebebeb,
0xecebebeb,0xdeebebeb,0xc3ebebeb,0x95ececec,0x51efefef,0x0debebeb,0x00000000,0x00000000,0x03ffffff,0x00000000,
0x00000000,0x00000000,0x00000000,0x00000000,0x00000000,0x00000000,0x00000000,0x00000000,0x00000000,0x00000000,
0x00000000,0x00000000,0x00000000,0x00000000,0x00000000,0x00000000,0x00000000,0x00000000,0x00000000,0x00000000,
0x00000000,0x00000000,0x01ffffff,0x03ffffff,0x00000000,0x00000000,0x00000000,0x00000000,0x07ffffff,0x0feeeeee,
0x0feeeeee,0x07ffffff,0x00000000,0x00000000,0x00000000,0x00000000,0x03ffffff,0x01ffffff,0x00000000,0x00000000,
0x00000000,0x00000000,0x00000000,0x00000000,0x00000000,0x00000000,0x00000000,0x00000000,0x00000000,0x00000000,
0x00000000,0x00000000,0x00000000,0x00000000,0x00000000,0x00000000,0x00000000,0x00000000,0x00000000,0x00000000,
0x00000000,0x00000000,0x00000000,0x00000000,0x01ffffff,0x03ffffff,0x04bfbfbf,0x027f7f7f,0x00000000,0x00000000,
0x00000000,0x00000000,0x027f7f7f,0x04bfbfbf,0x03ffffff,0x01ffffff,0x00000000,0x00000000,0x00000000,0x00000000,
0x00000000,0x00000000,0x00000000,0x00000000,0x00000000,0x00000000,0x00000000,0x00000000,0x00000000,0x00000000,
0x00000000,0x00000000,0x00000000,0x00000000,0x00000000,0x00000000,0x00000000,0x00000000,0x00000000,0x00000000,
0x00000000,0x00000000,0x00000000,0x00000000,0x00000000,0x00000000,0x00000000,0x00000000,0x01ffffff,0x01ffffff,
0x01ffffff,0x01ffffff,0x00000000,0x00000000,0x00000000,0x00000000,0x00000000,0x00000000,0x00000000,0x00000000,
0x00000000,0x00000000,0x00000000,0x00000000,0x00000000,0x00000000,0x00000000,0x00000000,0x00000000,0x00000000,
0x00000000,0x00000000,0x00000000,0x00000000,0x00000000,0x00000000,0x00000000,0x00000000,0x00000000,0x00000000,
0x00000000,0x00000000,0x00000000,0x00000000,0x00000000,0x00000000,0x00000000,0x00000000,0x00000000,0x00000000,
0x00000000,0x00000000,0x00000000,0x00000000,0x00000000,0x00000000,0x00000000,0x00000000,0x00000000,0x00000000,
0x00000000,0x00000000,0x00000000,0x00000000,0x00000000,0x00000000,0x00000000,0x00000000,0x00000000,0x00000000,
0x00000000,0x00000000,0x00000000,0x00000000,0x00000000,0x00000000,0x00000000,0x00000000,0x00000000,0x00000000,
0x00000000,0x00000000,0x00000000,0x00000000,0x00000000,0x00000000,0x00000000,0x00000000,0x00000000,0x00000000,
0x00000000,0x00000000,0x00000000,0x00000000,0x00000000,0x00000000,0x00000000,0x00000000,0x00000000,0x00000000,
0x00000000,0x00000000,0x00000000,0x00000000,0x00000000,0x00000000,0x00000000,0x00000000,0x00000000,0x00000000,
},
/* L source SHA256 24582770810c41d44079e15e19c6e3ec7cee9a77e79d22d1067b03aee52c5b68 */
{
0x00000000,0x00000000,0x00000000,0x00000000,0x00000000,0x00000000,0x00000000,0x00000000,0x00000000,0x00000000,
0x00000000,0x00000000,0x00000000,0x00000000,0x00000000,0x00000000,0x00000000,0x00000000,0x00000000,0x00000000,
0x00000000,0x00000000,0x00000000,0x00000000,0x00000000,0x00000000,0x00000000,0x00000000,0x00000000,0x00000000,
0x00000000,0x00000000,0x00000000,0x00000000,0x00000000,0x00000000,0x00000000,0x00000000,0x00000000,0x00000000,
0x00000000,0x00000000,0x00000000,0x00000000,0x00000000,0x00000000,0x00000000,0x00000000,0x00000000,0x00000000,
0x00000000,0x00000000,0x00000000,0x00000000,0x00000000,0x00000000,0x00000000,0x00000000,0x00000000,0x00000000,
0x00000000,0x00000000,0x00000000,0x00000000,0x00000000,0x00000000,0x00000000,0x00000000,0x00000000,0x00000000,
0x00000000,0x00000000,0x00000000,0x00000000,0x00000000,0x00000000,0x00000000,0x00000000,0x00000000,0x00000000,
0x00000000,0x00000000,0x00000000,0x00000000,0x00000000,0x00000000,0x00000000,0x00000000,0x00000000,0x00000000,
0x00000000,0x00000000,0x00000000,0x00000000,0x00000000,0x00000000,0x00000000,0x00000000,0x00000000,0x00000000,
0x00000000,0x00000000,0x00000000,0x00000000,0x00000000,0x00000000,0x00000000,0x00000000,0x00000000,0x00000000,
0x00000000,0x00000000,0x00000000,0x00000000,0x00000000,0x00000000,0x00000000,0x00000000,0x00000000,0x00000000,
0x00000000,0x00000000,0x00000000,0x00000000,0x00000000,0x00000000,0x00000000,0x00000000,0x00000000,0x00000000,
0x00000000,0x00000000,0x00000000,0x00000000,0x00000000,0x00000000,0x00000000,0x00000000,0x00000000,0x00000000,
0x00000000,0x00000000,0x00000000,0x00000000,0x00000000,0x00000000,0x00000000,0x00000000,0x00000000,0x00000000,
0x00000000,0x00000000,0x00000000,0x00000000,0x00000000,0x00000000,0x00000000,0x00000000,0x00000000,0x00000000,
0x00000000,0x00000000,0x00000000,0x00000000,0x00000000,0x00000000,0x00000000,0x00000000,0x00000000,0x00000000,
0x00000000,0x00000000,0x00000000,0x00000000,0x00000000,0x00000000,0x00000000,0x00000000,0x00000000,0x00000000,
0x00000000,0x00000000,0x00000000,0x00000000,0x00000000,0x00000000,0x00000000,0x00000000,0x00000000,0x00000000,
0x00000000,0x00000000,0x00000000,0x00000000,0x00000000,0x00000000,0x00000000,0x00000000,0x00000000,0x00000000,
0x00000000,0x00000000,0x00000000,0x00000000,0x00000000,0x00000000,0x00000000,0x00000000,0x00000000,0x00000000,
0x00000000,0x00000000,0x00000000,0x00000000,0x00000000,0x00000000,0x00000000,0x00000000,0x00000000,0x00000000,
0x00000000,0x00000000,0x00000000,0x00000000,0x00000000,0x00000000,0x00000000,0x00000000,0x00000000,0x00000000,
0x00000000,0x00000000,0x00000000,0x00000000,0x00000000,0x00000000,0x00000000,0x00000000,0x00000000,0x00000000,
0x00000000,0x00000000,0x00000000,0x00000000,0x00000000,0x00000000,0x00000000,0x00000000,0x00000000,0x00000000,
0x00000000,0x00000000,0x00000000,0x00000000,0x00000000,0x00000000,0x00000000,0x01ffffff,0x02ffffff,0x03ffffff,
0x03ffffff,0x03ffffff,0x03ffffff,0x03ffffff,0x03ffffff,0x03ffffff,0x03ffffff,0x03ffffff,0x03ffffff,0x03ffffff,
0x03ffffff,0x03ffffff,0x03ffffff,0x03ffffff,0x03ffffff,0x00000000,0x00000000,0x00000000,0x00000000,0x00000000,
0x00000000,0x00000000,0x00000000,0x00000000,0x00000000,0x00000000,0x00000000,0x00000000,0x00000000,0x00000000,
0x00000000,0x00000000,0x00000000,0x00000000,0x02ffffff,0x04bfbfbf,0x00000000,0x00000000,0x00000000,0x00000000,
0x00000000,0x00000000,0x00000000,0x00000000,0x00000000,0x00000000,0x00000000,0x00000000,0x00000000,0x00000000,
0x00000000,0x00000000,0x00000000,0x00000000,0x00000000,0x00000000,0x00000000,0x00000000,0x00000000,0x00000000,
0x00000000,0x00000000,0x00000000,0x00000000,0x00000000,0x00000000,0x00000000,0x00000000,0x00000000,0x00000000,
0x00000000,0x00000000,0x03aaaaaa,0x01ffffff,0x00000000,0x00000000,0x00000000,0x17e8e8e8,0x32eaeaea,0x3feaeaea,
0x41ebebeb,0x41ebebeb,0x41ebebeb,0x41ebebeb,0x41ebebeb,0x41ebebeb,0x41ebebeb,0x41ebebeb,0x41ebebeb,0x41ebebeb,
0x41ebebeb,0x41ebebeb,0x41ebebeb,0x41efefef,0x3deaeaea,0x04ffffff,0x00000000,0x00000000,0x00000000,0x00000000,
0x00000000,0x00000000,0x00000000,0x00000000,0x00000000,0x00000000,0x00000000,0x00000000,0x00000000,0x00000000,
0x01ffffff,0x03ffffff,0x00000000,0x00000000,0x38ececec,0x8ceeeeee,0xcdececec,0xf1eaeaea,0xffededed,0xfff4f4f4,
0xfff6f6f6,0xfff6f6f6,0xfff6f6f6,0xfff6f6f6,0xfff6f6f6,0xfff6f6f6,0xfff6f6f6,0xfff6f6f6,0xfff6f6f6,0xfff6f6f6,
0xfff6f6f6,0xfff6f6f6,0xfff5f5f5,0xfffafafa,0xf9ebebeb,0x12e2e2e2,0x00000000,0x01ffffff,0x00000000,0x00000000,
0x00000000,0x00000000,0x00000000,0x00000000,0x00000000,0x00000000,0x00000000,0x00000000,0x00000000,0x02ffffff,
0x00000000,0x00000000,0x41ebebeb,0xbaf1f1f1,0xfff0f0f0,0xfffbfbfb,0xfff5f5f5,0xffeeeeee,0xffeaeaea,0xfde7e7e7,
0xfde6e6e6,0xfde9e9e9,0xfdeaeaea,0xfdeaeaea,0xfdeaeaea,0xfdeaeaea,0xfdeaeaea,0xfdeaeaea,0xfdeaeaea,0xfdeaeaea,
0xfdeaeaea,0xfdeaeaea,0xfceaeaea,0xfdeeeeee,0xecebebeb,0x11e1e1e1,0x00000000,0x01ffffff,0x00000000,0x00000000,
0x00000000,0x00000000,0x00000000,0x00000000,0x00000000,0x00000000,0x00000000,0x00000000,0x02ffffff,0x00000000,
0x09c6c6c6,0x95efefef,0xfff3f3f3,0xfff7f7f7,0xfeeaeaea,0xfbeaeaea,0xfdeaeaea,0xfee9e9e9,0xffeeeeee,0xfffafafa,
0xfffafafa,0xfff0f0f0,0xffeaeaea,0xffebebeb,0xffebebeb,0xffebebeb,0xffebebeb,0xffebebeb,0xffebebeb,0xffebebeb,
0xffebebeb,0xffebebeb,0xfeeaeaea,0xffefefef,0xeeebebeb,0x11e1e1e1,0x00000000,0x01ffffff,0x00000000,0x00000000,
0x00000000,0x00000000,0x00000000,0x00000000,0x00000000,0x00000000,0x00000000,0x02ffffff,0x00000000,0x19e0e0e0,
0xc6f0f0f0,0xfffdfdfd,0xfdeaeaea,0xfceaeaea,0xffebebeb,0xffebebeb,0xffeaeaea,0xfff0f0f0,0xffd3d3d3,0xff898989,
0xff878787,0xffc6c6c6,0xfff1f1f1,0xffeaeaea,0xffebebeb,0xffebebeb,0xffebebeb,0xffebebeb,0xffebebeb,0xffebebeb,
0xffebebeb,0xffebebeb,0xfeeaeaea,0xffefefef,0xeeebebeb,0x11e1e1e1,0x00000000,0x01ffffff,0x00000000,0x00000000,
0x00000000,0x00000000,0x00000000,0x00000000,0x00000000,0x00000000,0x01ffffff,0x00000000,0x15f2f2f2,0xd4efefef,
0xfffafafa,0xfaeaeaea,0xffebebeb,0xffebebeb,0xffebebeb,0xffebebeb,0xffe9e9e9,0xfff6f6f6,0xffb6b6b6,0xff181818,
0xff141414,0xff9b9b9b,0xfff8f8f8,0xffe8e8e8,0xffebebeb,0xffebebeb,0xffebebeb,0xffebebeb,0xffebebeb,0xffebebeb,
0xffebebeb,0xffebebeb,0xfeeaeaea,0xffefefef,0xeeebebeb,0x11e1e1e1,0x00000000,0x01ffffff,0x00000000,0x00000000,
0x00000000,0x00000000,0x00000000,0x00000000,0x00000000,0x01ffffff,0x03ffffff,0x04ffffff,0xc1ebebeb,0xfffbfbfb,
0xfaeaeaea,0xffebebeb,0xffebebeb,0xffebebeb,0xffebebeb,0xffebebeb,0xffe9e9e9,0xfff5f5f5,0xffbbbbbb,0xff2a2a2a,
0xff262626,0xffa2a2a2,0xfff7f7f7,0xffe8e8e8,0xffebebeb,0xffebebeb,0xffebebeb,0xffebebeb,0xffebebeb,0xffebebeb,
0xffebebeb,0xffebebeb,0xfeeaeaea,0xffefefef,0xeeebebeb,0x11e1e1e1,0x00000000,0x01ffffff,0x00000000,0x00000000,
0x00000000,0x00000000,0x00000000,0x00000000,0x00000000,0x03ffffff,0x00000000,0x82e9e9e9,0xfffefefe,0xfaeaeaea,
0xffebebeb,0xffebebeb,0xffebebeb,0xffebebeb,0xffebebeb,0xffebebeb,0xffe9e9e9,0xfff5f5f5,0xffbababa,0xff272727,
0xff232323,0xffa1a1a1,0xfff7f7f7,0xffe8e8e8,0xffebebeb,0xffebebeb,0xffebebeb,0xffebebeb,0xffebebeb,0xffebebeb,
0xffebebeb,0xffebebeb,0xfeeaeaea,0xffefefef,0xeeebebeb,0x11e1e1e1,0x00000000,0x01ffffff,0x00000000,0x00000000,
0x00000000,0x00000000,0x00000000,0x00000000,0x02ffffff,0x01ffffff,0x28ebebeb,0xf9f0f0f0,0xfcededed,0xfeeaeaea,
0xffebebeb,0xffebebeb,0xffebebeb,0xffebebeb,0xffebebeb,0xffebebeb,0xffe9e9e9,0xfff5f5f5,0xffbababa,0xff272727,
0xff232323,0xffa1a1a1,0xfff7f7f7,0xffe8e8e8,0xffebebeb,0xffebebeb,0xffebebeb,0xffebebeb,0xffebebeb,0xffebebeb,
0xffebebeb,0xffebebeb,0xfeeaeaea,0xffefefef,0xeeebebeb,0x11e1e1e1,0x00000000,0x01ffffff,0x00000000,0x00000000,
0x00000000,0x00000000,0x00000000,0x00000000,0x03ffffff,0x00000000,0xa0eaeaea,0xfffbfbfb,0xfbeaeaea,0xffebebeb,
0xffebebeb,0xffebebeb,0xffebebeb,0xffebebeb,0xffebebeb,0xffebebeb,0xffe9e9e9,0xfff5f5f5,0xffbababa,0xff272727,
0xff232323,0xffa1a1a1,0xfff7f7f7,0xffe8e8e8,0xffebebeb,0xffebebeb,0xffebebeb,0xffebebeb,0xffebebeb,0xffebebeb,
0xffebebeb,0xffebebeb,0xfeeaeaea,0xffefefef,0xeeebebeb,0x11e1e1e1,0x00000000,0x01ffffff,0x00000000,0x00000000,
0x00000000,0x00000000,0x00000000,0x01ffffff,0x00000000,0x19eaeaea,0xf3ececec,0xfeeeeeee,0xfeeaeaea,0xffebebeb,
0xffebebeb,0xffebebeb,0xffebebeb,0xffebebeb,0xffebebeb,0xffebebeb,0xffe9e9e9,0xfff5f5f5,0xffbababa,0xff272727,
0xff232323,0xffa1a1a1,0xfff7f7f7,0xffe8e8e8,0xffebebeb,0xffebebeb,0xffebebeb,0xffebebeb,0xffebebeb,0xffebebeb,
0xffebebeb,0xffebebeb,0xfeeaeaea,0xffefefef,0xeeebebeb,0x11e1e1e1,0x00000000,0x01ffffff,0x00000000,0x00000000,
0x00000000,0x00000000,0x00000000,0x04ffffff,0x00000000,0x61ececec,0xfffafafa,0xfceaeaea,0xffebebeb,0xffebebeb,
0xffebebeb,0xffebebeb,0xffebebeb,0xffebebeb,0xffebebeb,0xffebebeb,0xffe9e9e9,0xfff5f5f5,0xffbababa,0xff272727,
0xff232323,0xffa1a1a1,0xfff7f7f7,0xffe8e8e8,0xffebebeb,0xffebebeb,0xffebebeb,0xffebebeb,0xffebebeb,0xffebebeb,
0xffebebeb,0xffebebeb,0xfeeaeaea,0xffefefef,0xeeebebeb,0x11e1e1e1,0x00000000,0x01ffffff,0x00000000,0x00000000,
0x00000000,0x00000000,0x00000000,0x04bfbfbf,0x00000000,0xa2eaeaea,0xfefafafa,0xfbeaeaea,0xffebebeb,0xffebebeb,
0xffebebeb,0xffebebeb,0xffebebeb,0xffebebeb,0xffebebeb,0xffebebeb,0xffe9e9e9,0xfff5f5f5,0xffbababa,0xff272727,
0xff232323,0xffa1a1a1,0xfff7f7f7,0xffe8e8e8,0xffebebeb,0xffebebeb,0xffebebeb,0xffebebeb,0xffebebeb,0xffebebeb,
0xffebebeb,0xffebebeb,0xfeeaeaea,0xffefefef,0xeeebebeb,0x11e1e1e1,0x00000000,0x01ffffff,0x00000000,0x00000000,
0x00000000,0x00000000,0x00000000,0x01ffffff,0x00000000,0xccebebeb,0xfff5f5f5,0xfdeaeaea,0xffebebeb,0xffebebeb,
0xffebebeb,0xffebebeb,0xffebebeb,0xffebebeb,0xffebebeb,0xffebebeb,0xffe9e9e9,0xfff5f5f5,0xffbababa,0xff272727,
0xff232323,0xffa1a1a1,0xfff7f7f7,0xffe8e8e8,0xffebebeb,0xffebebeb,0xffebebeb,0xffebebeb,0xffebebeb,0xffebebeb,
0xffebebeb,0xffebebeb,0xfeeaeaea,0xffefefef,0xeeebebeb,0x11e1e1e1,0x00000000,0x01ffffff,0x00000000,0x00000000,
0x00000000,0x00000000,0x01ffffff,0x00000000,0x0ae5e5e5,0xe4eaeaea,0xfff1f1f1,0xfeeaeaea,0xffebebeb,0xffebebeb,
0xffebebeb,0xffebebeb,0xffebebeb,0xffebebeb,0xffebebeb,0xffebebeb,0xffe9e9e9,0xfff5f5f5,0xffbababa,0xff272727,
0xff232323,0xffa0a0a0,0xfff5f5f5,0xffe6e6e6,0xffe9e9e9,0xffe9e9e9,0xffe9e9e9,0xffeaeaea,0xffebebeb,0xffebebeb,
0xffebebeb,0xffebebeb,0xfeeaeaea,0xffefefef,0xeeebebeb,0x11e1e1e1,0x00000000,0x01ffffff,0x00000000,0x00000000,
0x00000000,0x00000000,0x01ffffff,0x00000000,0x10efefef,0xeeeaeaea,0xffefefef,0xfeeaeaea,0xffebebeb,0xffebebeb,
0xffebebeb,0xffebebeb,0xffebebeb,0xffebebeb,0xffebebeb,0xffebebeb,0xffe9e9e9,0xfff5f5f5,0xffbababa,0xff272727,
0xff232323,0xffa6a6a6,0xffffffff,0xfff0f0f0,0xfff3f3f3,0xfff3f3f3,0xfff3f3f3,0xfff1f1f1,0xffebebeb,0xffebebeb,
0xffebebeb,0xffebebeb,0xfeeaeaea,0xffefefef,0xeeebebeb,0x11e1e1e1,0x00000000,0x01ffffff,0x00000000,0x00000000,
0x00000000,0x00000000,0x01ffffff,0x00000000,0x11e1e1e1,0xeeebebeb,0xffefefef,0xfeeaeaea,0xffebebeb,0xffebebeb,
0xffebebeb,0xffebebeb,0xffebebeb,0xffebebeb,0xffebebeb,0xffebebeb,0xffe9e9e9,0xfff5f5f5,0xffbababa,0xff272727,
0xff262626,0xff8c8c8c,0xffd1d1d1,0xffc5c5c5,0xffc7c7c7,0xffc8c8c8,0xffc6c6c6,0xffcfcfcf,0xffececec,0xffebebeb,
0xffebebeb,0xffebebeb,0xfeeaeaea,0xffefefef,0xeeebebeb,0x11e1e1e1,0x00000000,0x01ffffff,0x00000000,0x00000000,
0x00000000,0x00000000,0x01ffffff,0x00000000,0x11e1e1e1,0xeeebebeb,0xffefefef,0xfeeaeaea,0xffebebeb,0xffebebeb,
0xffebebeb,0xffebebeb,0xffebebeb,0xffebebeb,0xffebebeb,0xffebebeb,0xffe9e9e9,0xfff5f5f5,0xffb9b9b9,0xff222222,
0xff2d2d2d,0xff2a2a2a,0xff292929,0xff292929,0xff292929,0xff2b2b2b,0xff202020,0xff555555,0xfff0f0f0,0xffeaeaea,
0xffebebeb,0xffebebeb,0xfeeaeaea,0xffefefef,0xeeebebeb,0x11e1e1e1,0x00000000,0x01ffffff,0x00000000,0x00000000,
0x00000000,0x00000000,0x01ffffff,0x00000000,0x11e1e1e1,0xeeebebeb,0xffefefef,0xfeeaeaea,0xffebebeb,0xffebebeb,
0xffebebeb,0xffebebeb,0xffebebeb,0xffebebeb,0xffebebeb,0xffebebeb,0xffe9e9e9,0xfff5f5f5,0xffbcbcbc,0xff2d2d2d,
0xff373737,0xff353535,0xff363636,0xff363636,0xff363636,0xff373737,0xff2d2d2d,0xff5f5f5f,0xfff0f0f0,0xffeaeaea,
0xffebebeb,0xffebebeb,0xfeeaeaea,0xffefefef,0xeeebebeb,0x11e1e1e1,0x00000000,0x01ffffff,0x00000000,0x00000000,
0x00000000,0x00000000,0x01ffffff,0x00000000,0x11e1e1e1,0xeeebebeb,0xffefefef,0xfeeaeaea,0xffebebeb,0xffebebeb,
0xffebebeb,0xffebebeb,0xffebebeb,0xffebebeb,0xffebebeb,0xffebebeb,0xffebebeb,0xffececec,0xffe6e6e6,0xffd7d7d7,
0xffd8d8d8,0xffd8d8d8,0xffd8d8d8,0xffd8d8d8,0xffd8d8d8,0xffd8d8d8,0xffd7d7d7,0xffdddddd,0xffececec,0xffebebeb,
0xffebebeb,0xffebebeb,0xfeeaeaea,0xffefefef,0xeeebebeb,0x11e1e1e1,0x00000000,0x01ffffff,0x00000000,0x00000000,
0x00000000,0x00000000,0x01ffffff,0x00000000,0x11e1e1e1,0xeeebebeb,0xffefefef,0xfeeaeaea,0xffebebeb,0xffebebeb,
0xffebebeb,0xffebebeb,0xffebebeb,0xffebebeb,0xffebebeb,0xffebebeb,0xffebebeb,0xffebebeb,0xffececec,0xfff0f0f0,
0xffefefef,0xffefefef,0xffefefef,0xffefefef,0xffefefef,0xffefefef,0xfff0f0f0,0xffeeeeee,0xffebebeb,0xffebebeb,
0xffebebeb,0xffebebeb,0xfeeaeaea,0xffefefef,0xeeebebeb,0x11e1e1e1,0x00000000,0x01ffffff,0x00000000,0x00000000,
0x00000000,0x00000000,0x01ffffff,0x00000000,0x11e1e1e1,0xecebebeb,0xfdeeeeee,0xfceaeaea,0xfdeaeaea,0xfdeaeaea,
0xfdeaeaea,0xfdeaeaea,0xfdeaeaea,0xfdeaeaea,0xfdeaeaea,0xfdeaeaea,0xfdeaeaea,0xfdeaeaea,0xfdeaeaea,0xfde9e9e9,
0xfde9e9e9,0xfde9e9e9,0xfde9e9e9,0xfde9e9e9,0xfde9e9e9,0xfde9e9e9,0xfde9e9e9,0xfde9e9e9,0xfdeaeaea,0xfdeaeaea,
0xfdeaeaea,0xfdeaeaea,0xfceaeaea,0xfdeeeeee,0xecebebeb,0x11e1e1e1,0x00000000,0x01ffffff,0x00000000,0x00000000,
0x00000000,0x00000000,0x01ffffff,0x00000000,0x12e2e2e2,0xf9ebebeb,0xfffafafa,0xfff5f5f5,0xfff6f6f6,0xfff6f6f6,
0xfff6f6f6,0xfff6f6f6,0xfff6f6f6,0xfff6f6f6,0xfff6f6f6,0xfff6f6f6,0xfff6f6f6,0xfff6f6f6,0xfff6f6f6,0xfff6f6f6,
0xfff6f6f6,0xfff6f6f6,0xfff6f6f6,0xfff6f6f6,0xfff6f6f6,0xfff6f6f6,0xfff6f6f6,0xfff6f6f6,0xfff6f6f6,0xfff6f6f6,
0xfff6f6f6,0xfff6f6f6,0xfff5f5f5,0xfffafafa,0xf9ebebeb,0x12e2e2e2,0x00000000,0x01ffffff,0x00000000,0x00000000,
0x00000000,0x00000000,0x00000000,0x00000000,0x04ffffff,0x3deaeaea,0x41efefef,0x41ebebeb,0x41ebebeb,0x41ebebeb,
0x41ebebeb,0x41ebebeb,0x41ebebeb,0x41ebebeb,0x41ebebeb,0x41ebebeb,0x41ebebeb,0x41ebebeb,0x41ebebeb,0x41ebebeb,
0x41ebebeb,0x41ebebeb,0x41ebebeb,0x41ebebeb,0x41ebebeb,0x41ebebeb,0x41ebebeb,0x41ebebeb,0x41ebebeb,0x41ebebeb,
0x41ebebeb,0x41ebebeb,0x41ebebeb,0x41efefef,0x3deaeaea,0x04ffffff,0x00000000,0x00000000,0x00000000,0x00000000,
0x00000000,0x00000000,0x00000000,0x00000000,0x00000000,0x00000000,0x00000000,0x00000000,0x00000000,0x00000000,
0x00000000,0x00000000,0x00000000,0x00000000,0x00000000,0x00000000,0x00000000,0x00000000,0x00000000,0x00000000,
0x00000000,0x00000000,0x00000000,0x00000000,0x00000000,0x00000000,0x00000000,0x00000000,0x00000000,0x00000000,
0x00000000,0x00000000,0x00000000,0x00000000,0x00000000,0x00000000,0x00000000,0x00000000,0x00000000,0x00000000,
0x00000000,0x00000000,0x00000000,0x00000000,0x00000000,0x03ffffff,0x03ffffff,0x03ffffff,0x03ffffff,0x03ffffff,
0x03ffffff,0x03ffffff,0x03ffffff,0x03ffffff,0x03ffffff,0x03ffffff,0x03ffffff,0x03ffffff,0x03ffffff,0x03ffffff,
0x03ffffff,0x03ffffff,0x03ffffff,0x03ffffff,0x03ffffff,0x03ffffff,0x03ffffff,0x03ffffff,0x03ffffff,0x03ffffff,
0x03ffffff,0x03ffffff,0x03ffffff,0x03ffffff,0x03ffffff,0x00000000,0x00000000,0x00000000,0x00000000,0x00000000,
0x00000000,0x00000000,0x00000000,0x00000000,0x00000000,0x00000000,0x00000000,0x00000000,0x00000000,0x00000000,
0x00000000,0x00000000,0x00000000,0x00000000,0x00000000,0x00000000,0x00000000,0x00000000,0x00000000,0x00000000,
0x00000000,0x00000000,0x00000000,0x00000000,0x00000000,0x00000000,0x00000000,0x00000000,0x00000000,0x00000000,
0x00000000,0x00000000,0x00000000,0x00000000,0x00000000,0x00000000,0x00000000,0x00000000,0x00000000,0x00000000,
0x00000000,0x00000000,0x00000000,0x00000000,0x00000000,0x00000000,0x00000000,0x00000000,0x00000000,0x00000000,
0x00000000,0x00000000,0x00000000,0x00000000,0x00000000,0x00000000,0x00000000,0x00000000,0x00000000,0x00000000,
0x00000000,0x00000000,0x00000000,0x00000000,0x00000000,0x00000000,0x00000000,0x00000000,0x00000000,0x00000000,
0x00000000,0x00000000,0x00000000,0x00000000,0x00000000,0x00000000,0x00000000,0x00000000,0x00000000,0x00000000,
0x00000000,0x00000000,0x00000000,0x00000000,0x00000000,0x00000000,0x00000000,0x00000000,0x00000000,0x00000000,
0x00000000,0x00000000,0x00000000,0x00000000,0x00000000,0x00000000,0x00000000,0x00000000,0x00000000,0x00000000,
0x00000000,0x00000000,0x00000000,0x00000000,0x00000000,0x00000000,0x00000000,0x00000000,0x00000000,0x00000000,
0x00000000,0x00000000,0x00000000,0x00000000,0x00000000,0x00000000,0x00000000,0x00000000,0x00000000,0x00000000,
0x00000000,0x00000000,0x00000000,0x00000000,0x00000000,0x00000000,0x00000000,0x00000000,0x00000000,0x00000000,
0x00000000,0x00000000,0x00000000,0x00000000,0x00000000,0x00000000,0x00000000,0x00000000,0x00000000,0x00000000,
0x00000000,0x00000000,0x00000000,0x00000000,0x00000000,0x00000000,0x00000000,0x00000000,0x00000000,0x00000000,
0x00000000,0x00000000,0x00000000,0x00000000,0x00000000,0x00000000,0x00000000,0x00000000,0x00000000,0x00000000,
0x00000000,0x00000000,0x00000000,0x00000000,0x00000000,0x00000000,0x00000000,0x00000000,0x00000000,0x00000000,
0x00000000,0x00000000,0x00000000,0x00000000,0x00000000,0x00000000,0x00000000,0x00000000,0x00000000,0x00000000,
0x00000000,0x00000000,0x00000000,0x00000000,0x00000000,0x00000000,0x00000000,0x00000000,0x00000000,0x00000000,
0x00000000,0x00000000,0x00000000,0x00000000,0x00000000,0x00000000,0x00000000,0x00000000,0x00000000,0x00000000,
0x00000000,0x00000000,0x00000000,0x00000000,0x00000000,0x00000000,0x00000000,0x00000000,0x00000000,0x00000000,
0x00000000,0x00000000,0x00000000,0x00000000,0x00000000,0x00000000,0x00000000,0x00000000,0x00000000,0x00000000,
0x00000000,0x00000000,0x00000000,0x00000000,0x00000000,0x00000000,0x00000000,0x00000000,0x00000000,0x00000000,
0x00000000,0x00000000,0x00000000,0x00000000,0x00000000,0x00000000,0x00000000,0x00000000,0x00000000,0x00000000,
},
/* R source SHA256 217737da194d1abb7079c9deb13d97c47eede631630ad850d82e3b054d111f51 */
{
0x00000000,0x00000000,0x00000000,0x00000000,0x00000000,0x00000000,0x00000000,0x00000000,0x00000000,0x00000000,
0x00000000,0x00000000,0x00000000,0x00000000,0x00000000,0x00000000,0x00000000,0x00000000,0x00000000,0x00000000,
0x00000000,0x00000000,0x00000000,0x00000000,0x00000000,0x00000000,0x00000000,0x00000000,0x00000000,0x00000000,
0x00000000,0x00000000,0x00000000,0x00000000,0x00000000,0x00000000,0x00000000,0x00000000,0x00000000,0x00000000,
0x00000000,0x00000000,0x00000000,0x00000000,0x00000000,0x00000000,0x00000000,0x00000000,0x00000000,0x00000000,
0x00000000,0x00000000,0x00000000,0x00000000,0x00000000,0x00000000,0x00000000,0x00000000,0x00000000,0x00000000,
0x00000000,0x00000000,0x00000000,0x00000000,0x00000000,0x00000000,0x00000000,0x00000000,0x00000000,0x00000000,
0x00000000,0x00000000,0x00000000,0x00000000,0x00000000,0x00000000,0x00000000,0x00000000,0x00000000,0x00000000,
0x00000000,0x00000000,0x00000000,0x00000000,0x00000000,0x00000000,0x00000000,0x00000000,0x00000000,0x00000000,
0x00000000,0x00000000,0x00000000,0x00000000,0x00000000,0x00000000,0x00000000,0x00000000,0x00000000,0x00000000,
0x00000000,0x00000000,0x00000000,0x00000000,0x00000000,0x00000000,0x00000000,0x00000000,0x00000000,0x00000000,
0x00000000,0x00000000,0x00000000,0x00000000,0x00000000,0x00000000,0x00000000,0x00000000,0x00000000,0x00000000,
0x00000000,0x00000000,0x00000000,0x00000000,0x00000000,0x00000000,0x00000000,0x00000000,0x00000000,0x00000000,
0x00000000,0x00000000,0x00000000,0x00000000,0x00000000,0x00000000,0x00000000,0x00000000,0x00000000,0x00000000,
0x00000000,0x00000000,0x00000000,0x00000000,0x00000000,0x00000000,0x00000000,0x00000000,0x00000000,0x00000000,
0x00000000,0x00000000,0x00000000,0x00000000,0x00000000,0x00000000,0x00000000,0x00000000,0x00000000,0x00000000,
0x00000000,0x00000000,0x00000000,0x00000000,0x00000000,0x00000000,0x00000000,0x00000000,0x00000000,0x00000000,
0x00000000,0x00000000,0x00000000,0x00000000,0x00000000,0x00000000,0x00000000,0x00000000,0x00000000,0x00000000,
0x00000000,0x00000000,0x00000000,0x00000000,0x00000000,0x00000000,0x00000000,0x00000000,0x00000000,0x00000000,
0x00000000,0x00000000,0x00000000,0x00000000,0x00000000,0x00000000,0x00000000,0x00000000,0x00000000,0x00000000,
0x00000000,0x00000000,0x00000000,0x00000000,0x00000000,0x00000000,0x00000000,0x00000000,0x00000000,0x00000000,
0x00000000,0x00000000,0x00000000,0x00000000,0x00000000,0x00000000,0x00000000,0x00000000,0x00000000,0x00000000,
0x00000000,0x00000000,0x00000000,0x00000000,0x00000000,0x00000000,0x00000000,0x00000000,0x00000000,0x00000000,
0x00000000,0x00000000,0x00000000,0x00000000,0x00000000,0x00000000,0x00000000,0x00000000,0x00000000,0x00000000,
0x00000000,0x00000000,0x00000000,0x00000000,0x00000000,0x03ffffff,0x03ffffff,0x03ffffff,0x03ffffff,0x03ffffff,
0x03ffffff,0x03ffffff,0x03ffffff,0x03ffffff,0x03ffffff,0x03ffffff,0x03ffffff,0x03ffffff,0x03ffffff,0x03ffffff,
0x03ffffff,0x02ffffff,0x01ffffff,0x00000000,0x00000000,0x00000000,0x00000000,0x00000000,0x00000000,0x00000000,
0x00000000,0x00000000,0x00000000,0x00000000,0x00000000,0x00000000,0x00000000,0x00000000,0x00000000,0x00000000,
0x00000000,0x00000000,0x00000000,0x00000000,0x00000000,0x00000000,0x00000000,0x00000000,0x00000000,0x00000000,
0x00000000,0x00000000,0x00000000,0x00000000,0x00000000,0x00000000,0x00000000,0x00000000,0x00000000,0x00000000,
0x00000000,0x00000000,0x00000000,0x00000000,0x04bfbfbf,0x02ffffff,0x00000000,0x00000000,0x00000000,0x00000000,
0x00000000,0x00000000,0x00000000,0x00000000,0x00000000,0x00000000,0x00000000,0x00000000,0x00000000,0x00000000,
0x00000000,0x00000000,0x00000000,0x00000000,0x04ffffff,0x3deaeaea,0x41efefef,0x41ebebeb,0x41ebebeb,0x41ebebeb,
0x41ebebeb,0x41ebebeb,0x41ebebeb,0x41ebebeb,0x41ebebeb,0x41ebebeb,0x41ebebeb,0x41ebebeb,0x41ebebeb,0x41ebebeb,
0x3feaeaea,0x32eaeaea,0x17e8e8e8,0x00000000,0x00000000,0x00000000,0x01ffffff,0x03aaaaaa,0x00000000,0x00000000,
0x00000000,0x00000000,0x00000000,0x00000000,0x00000000,0x00000000,0x00000000,0x00000000,0x00000000,0x00000000,
0x00000000,0x00000000,0x01ffffff,0x00000000,0x12e2e2e2,0xf9ebebeb,0xfffafafa,0xfff5f5f5,0xfff6f6f6,0xfff6f6f6,
0xfff6f6f6,0xfff6f6f6,0xfff6f6f6,0xfff6f6f6,0xfff6f6f6,0xfff6f6f6,0xfff6f6f6,0xfff6f6f6,0xfff6f6f6,0xfff6f6f6,
0xfff4f4f4,0xffededed,0xf1eaeaea,0xcdececec,0x8deeeeee,0x39f1f1f1,0x00000000,0x00000000,0x03aaaaaa,0x01ffffff,
0x00000000,0x00000000,0x00000000,0x00000000,0x00000000,0x00000000,0x00000000,0x00000000,0x00000000,0x00000000,
0x00000000,0x00000000,0x01ffffff,0x00000000,0x11e1e1e1,0xecebebeb,0xfdeeeeee,0xfceaeaea,0xfdeaeaea,0xfdeaeaea,
0xfdeaeaea,0xfdeaeaea,0xfdeaeaea,0xfde9e9e9,0xfde6e6e6,0xfde7e7e7,0xfde7e7e7,0xfde7e7e7,0xfde7e7e7,0xfde7e7e7,
0xfde7e7e7,0xffe9e9e9,0xffeeeeee,0xfff5f5f5,0xfffbfbfb,0xfff1f1f1,0xbdf1f1f1,0x42ebebeb,0x00000000,0x00000000,
0x02ffffff,0x00000000,0x00000000,0x00000000,0x00000000,0x00000000,0x00000000,0x00000000,0x00000000,0x00000000,
0x00000000,0x00000000,0x01ffffff,0x00000000,0x11e1e1e1,0xeeebebeb,0xffefefef,0xfeeaeaea,0xffebebeb,0xffebebeb,
0xffebebeb,0xffebebeb,0xffeaeaea,0xffefefef,0xfffafafa,0xfff9f9f9,0xfff9f9f9,0xfff9f9f9,0xfff9f9f9,0xfff9f9f9,
0xfff8f8f8,0xfff1f1f1,0xfee8e8e8,0xfde9e9e9,0xfbeaeaea,0xfeeaeaea,0xfff7f7f7,0xfff3f3f3,0x97eeeeee,0x09e2e2e2,
0x00000000,0x02ffffff,0x00000000,0x00000000,0x00000000,0x00000000,0x00000000,0x00000000,0x00000000,0x00000000,
0x00000000,0x00000000,0x01ffffff,0x00000000,0x11e1e1e1,0xeeebebeb,0xffefefef,0xfeeaeaea,0xffebebeb,0xffebebeb,
0xffebebeb,0xffeaeaea,0xfff0f0f0,0xffd3d3d3,0xff888888,0xff8d8d8d,0xff8e8e8e,0xff8f8f8f,0xff8e8e8e,0xff909090,
0xffa0a0a0,0xffcdcdcd,0xfff5f5f5,0xffededed,0xffeaeaea,0xffebebeb,0xfceaeaea,0xfdeaeaea,0xfffdfdfd,0xc7f0f0f0,
0x19e0e0e0,0x00000000,0x02ffffff,0x00000000,0x00000000,0x00000000,0x00000000,0x00000000,0x00000000,0x00000000,
0x00000000,0x00000000,0x01ffffff,0x00000000,0x11e1e1e1,0xeeebebeb,0xffefefef,0xfeeaeaea,0xffebebeb,0xffebebeb,
0xffebebeb,0xffe9e9e9,0xfff6f6f6,0xffb6b6b6,0xff151515,0xff222222,0xff181818,0xff131313,0xff141414,0xff151515,
0xff1f1f1f,0xff2d2d2d,0xff7a7a7a,0xffebebeb,0xffececec,0xffeaeaea,0xffebebeb,0xffebebeb,0xfaeaeaea,0xfffafafa,
0xd4efefef,0x15e6e6e6,0x00000000,0x027f7f7f,0x00000000,0x00000000,0x00000000,0x00000000,0x00000000,0x00000000,
0x00000000,0x00000000,0x01ffffff,0x00000000,0x11e1e1e1,0xeeebebeb,0xffefefef,0xfeeaeaea,0xffebebeb,0xffebebeb,
0xffebebeb,0xffe9e9e9,0xfff5f5f5,0xffbbbbbb,0xff282828,0xff2e2e2e,0xff545454,0xff6e6e6e,0xff6a6a6a,0xff626262,
0xff383838,0xff282828,0xff1a1a1a,0xff7d7d7d,0xfff5f5f5,0xffe9e9e9,0xffebebeb,0xffebebeb,0xffebebeb,0xfaeaeaea,
0xfffbfbfb,0xc1ebebeb,0x04ffffff,0x03ffffff,0x01ffffff,0x00000000,0x00000000,0x00000000,0x00000000,0x00000000,
0x00000000,0x00000000,0x01ffffff,0x00000000,0x11e1e1e1,0xeeebebeb,0xffefefef,0xfeeaeaea,0xffebebeb,0xffebebeb,
0xffebebeb,0xffe9e9e9,0xfff5f5f5,0xffbababa,0xff272727,0xff222222,0xffa8a8a8,0xffffffff,0xfff1f1f1,0xfff5f5f5,
0xffd4d4d4,0xff4a4a4a,0xff272727,0xff323232,0xffd5d5d5,0xfff0f0f0,0xffeaeaea,0xffebebeb,0xffebebeb,0xffebebeb,
0xfaeaeaea,0xfffefefe,0x82e7e7e7,0x00000000,0x03ffffff,0x00000000,0x00000000,0x00000000,0x00000000,0x00000000,
0x00000000,0x00000000,0x01ffffff,0x00000000,0x11e1e1e1,0xeeebebeb,0xffefefef,0xfeeaeaea,0xffebebeb,0xffebebeb,
0xffebebeb,0xffe9e9e9,0xfff5f5f5,0xffbababa,0xff272727,0xff232323,0xffa1a1a1,0xfff5f5f5,0xffe6e6e6,0xffe6e6e6,
0xfffdfdfd,0xff9c9c9c,0xff222222,0xff272727,0xffb2b2b2,0xfff6f6f6,0xffe9e9e9,0xffebebeb,0xffebebeb,0xffebebeb,
0xfeeaeaea,0xfceeeeee,0xf8f0f0f0,0x27ebebeb,0x01ffffff,0x02ffffff,0x00000000,0x00000000,0x00000000,0x00000000,
0x00000000,0x00000000,0x01ffffff,0x00000000,0x11e1e1e1,0xeeebebeb,0xffefefef,0xfeeaeaea,0xffebebeb,0xffebebeb,
0xffebebeb,0xffe9e9e9,0xfff5f5f5,0xffbababa,0xff272727,0xff232323,0xffa0a0a0,0xfff4f4f4,0xffe5e5e5,0xffe4e4e4,
0xfff7f7f7,0xffa6a6a6,0xff232323,0xff262626,0xffaeaeae,0xfff6f6f6,0xffe8e8e8,0xffebebeb,0xffebebeb,0xffebebeb,
0xffebebeb,0xfbeaeaea,0xfffbfbfb,0x9feaeaea,0x00000000,0x03ffffff,0x00000000,0x00000000,0x00000000,0x00000000,
0x00000000,0x00000000,0x01ffffff,0x00000000,0x11e1e1e1,0xeeebebeb,0xffefefef,0xfeeaeaea,0xffebebeb,0xffebebeb,
0xffebebeb,0xffe9e9e9,0xfff5f5f5,0xffbababa,0xff272727,0xff222222,0xffaaaaaa,0xffffffff,0xfff5f5f5,0xfff9f9f9,
0xfff3f3f3,0xff636363,0xff262626,0xff2c2c2c,0xffc8c8c8,0xfff3f3f3,0xffe9e9e9,0xffebebeb,0xffebebeb,0xffebebeb,
0xffebebeb,0xfeeaeaea,0xfeeeeeee,0xf3ebebeb,0x18e9e9e9,0x00000000,0x01ffffff,0x00000000,0x00000000,0x00000000,
0x00000000,0x00000000,0x01ffffff,0x00000000,0x11e1e1e1,0xeeebebeb,0xffefefef,0xfeeaeaea,0xffebebeb,0xffebebeb,
0xffebebeb,0xffe9e9e9,0xfff5f5f5,0xffbababa,0xff262626,0xff282828,0xff6d6d6d,0xff9b9b9b,0xff939393,0xff8b8b8b,
0xff555555,0xff292929,0xff1d1d1d,0xff5d5d5d,0xfff0f0f0,0xffeaeaea,0xffebebeb,0xffebebeb,0xffebebeb,0xffebebeb,
0xffebebeb,0xffebebeb,0xfceaeaea,0xfffafafa,0x62ececec,0x00000000,0x04ffffff,0x00000000,0x00000000,0x00000000,
0x00000000,0x00000000,0x01ffffff,0x00000000,0x11e1e1e1,0xeeebebeb,0xffefefef,0xfeeaeaea,0xffebebeb,0xffebebeb,
0xffebebeb,0xffe9e9e9,0xfff5f5f5,0xffbababa,0xff242424,0xff313131,0xff1e1e1e,0xff131313,0xff151515,0xff1e1e1e,
0xff272727,0xff2c2c2c,0xff505050,0xffd8d8d8,0xfff0f0f0,0xffeaeaea,0xffebebeb,0xffebebeb,0xffebebeb,0xffebebeb,
0xffebebeb,0xffebebeb,0xfbebebeb,0xfefafafa,0xa3ececec,0x00000000,0x03ffffff,0x00000000,0x00000000,0x00000000,
0x00000000,0x00000000,0x01ffffff,0x00000000,0x11e1e1e1,0xeeebebeb,0xffefefef,0xfeeaeaea,0xffebebeb,0xffebebeb,
0xffebebeb,0xffe9e9e9,0xfff5f5f5,0xffbababa,0xff252525,0xff2b2b2b,0xff505050,0xff6b6b6b,0xff666666,0xff383838,
0xff292929,0xff414141,0xffe5e5e5,0xfff2f2f2,0xffe9e9e9,0xffebebeb,0xffebebeb,0xffebebeb,0xffebebeb,0xffebebeb,
0xffebebeb,0xffebebeb,0xfdeaeaea,0xfff5f5f5,0xcbeaeaea,0x00000000,0x01ffffff,0x00000000,0x00000000,0x00000000,
0x00000000,0x00000000,0x01ffffff,0x00000000,0x11e1e1e1,0xeeebebeb,0xffefefef,0xfeeaeaea,0xffebebeb,0xffebebeb,
0xffebebeb,0xffe9e9e9,0xfff5f5f5,0xffbababa,0xff272727,0xff222222,0xffa7a7a7,0xffffffff,0xfffdfdfd,0xff898989,
0xff212121,0xff272727,0xffa3a3a3,0xfff6f6f6,0xffe8e8e8,0xffebebeb,0xffebebeb,0xffebebeb,0xffebebeb,0xffebebeb,
0xffebebeb,0xffebebeb,0xfeeaeaea,0xfff1f1f1,0xe3eaeaea,0x0ae5e5e5,0x00000000,0x01ffffff,0x00000000,0x00000000,
0x00000000,0x00000000,0x01ffffff,0x00000000,0x11e1e1e1,0xeeebebeb,0xffefefef,0xfeeaeaea,0xffebebeb,0xffebebeb,
0xffebebeb,0xffe9e9e9,0xfff5f5f5,0xffbababa,0xff272727,0xff232323,0xffa1a1a1,0xfff4f4f4,0xffeaeaea,0xffe0e0e0,
0xff3f3f3f,0xff232323,0xff444444,0xffe5e5e5,0xffededed,0xffeaeaea,0xffebebeb,0xffebebeb,0xffebebeb,0xffebebeb,
0xffebebeb,0xffebebeb,0xfeeaeaea,0xffefefef,0xedebebeb,0x10efefef,0x00000000,0x01ffffff,0x00000000,0x00000000,
0x00000000,0x00000000,0x01ffffff,0x00000000,0x11e1e1e1,0xeeebebeb,0xffefefef,0xfeeaeaea,0xffebebeb,0xffebebeb,
0xffebebeb,0xffe9e9e9,0xfff5f5f5,0xffbababa,0xff282828,0xff242424,0xffa2a2a2,0xfff7f7f7,0xffe5e5e5,0xfff9f9f9,
0xff979797,0xff232323,0xff232323,0xff919191,0xfff9f9f9,0xffe8e8e8,0xffebebeb,0xffebebeb,0xffebebeb,0xffebebeb,
0xffebebeb,0xffebebeb,0xfeeaeaea,0xffefefef,0xeeebebeb,0x11e1e1e1,0x00000000,0x01ffffff,0x00000000,0x00000000,
0x00000000,0x00000000,0x01ffffff,0x00000000,0x11e1e1e1,0xeeebebeb,0xffefefef,0xfeeaeaea,0xffebebeb,0xffebebeb,
0xffebebeb,0xffe9e9e9,0xfff5f5f5,0xffb9b9b9,0xff252525,0xff212121,0xffa1a1a1,0xfff7f7f7,0xffe8e8e8,0xffececec,
0xffe8e8e8,0xff474747,0xff212121,0xff373737,0xffd9d9d9,0xfff0f0f0,0xffeaeaea,0xffebebeb,0xffebebeb,0xffebebeb,
0xffebebeb,0xffebebeb,0xfeeaeaea,0xffefefef,0xeeebebeb,0x11e1e1e1,0x00000000,0x01ffffff,0x00000000,0x00000000,
0x00000000,0x00000000,0x01ffffff,0x00000000,0x11e1e1e1,0xeeebebeb,0xffefefef,0xfeeaeaea,0xffebebeb,0xffebebeb,
0xffebebeb,0xffe9e9e9,0xfff5f5f5,0xffbcbcbc,0xff2f2f2f,0xff2c2c2c,0xffa5a5a5,0xfff6f6f6,0xffe8e8e8,0xffe8e8e8,
0xfff7f7f7,0xffa7a7a7,0xff2e2e2e,0xff2a2a2a,0xff848484,0xfff6f6f6,0xffe9e9e9,0xffebebeb,0xffebebeb,0xffebebeb,
0xffebebeb,0xffebebeb,0xfeeaeaea,0xffefefef,0xeeebebeb,0x11e1e1e1,0x00000000,0x01ffffff,0x00000000,0x00000000,
0x00000000,0x00000000,0x01ffffff,0x00000000,0x11e1e1e1,0xeeebebeb,0xffefefef,0xfeeaeaea,0xffebebeb,0xffebebeb,
0xffebebeb,0xffebebeb,0xffececec,0xffe6e6e6,0xffd7d7d7,0xffd6d6d6,0xffe3e3e3,0xffececec,0xffebebeb,0xffebebeb,
0xffebebeb,0xffececec,0xffd8d8d8,0xffd7d7d7,0xffd8d8d8,0xffebebeb,0xffebebeb,0xffebebeb,0xffebebeb,0xffebebeb,
0xffebebeb,0xffebebeb,0xfeeaeaea,0xffefefef,0xeeebebeb,0x11e1e1e1,0x00000000,0x01ffffff,0x00000000,0x00000000,
0x00000000,0x00000000,0x01ffffff,0x00000000,0x11e1e1e1,0xeeebebeb,0xffefefef,0xfeeaeaea,0xffebebeb,0xffebebeb,
0xffebebeb,0xffebebeb,0xffebebeb,0xffececec,0xfff0f0f0,0xfff0f0f0,0xffededed,0xffebebeb,0xffebebeb,0xffebebeb,
0xffebebeb,0xffebebeb,0xffefefef,0xfff0f0f0,0xfff0f0f0,0xffebebeb,0xffebebeb,0xffebebeb,0xffebebeb,0xffebebeb,
0xffebebeb,0xffebebeb,0xfeeaeaea,0xffefefef,0xeeebebeb,0x11e1e1e1,0x00000000,0x01ffffff,0x00000000,0x00000000,
0x00000000,0x00000000,0x01ffffff,0x00000000,0x11e1e1e1,0xecebebeb,0xfdeeeeee,0xfceaeaea,0xfdeaeaea,0xfdeaeaea,
0xfdeaeaea,0xfdeaeaea,0xfdeaeaea,0xfde9e9e9,0xfde9e9e9,0xfde9e9e9,0xfde9e9e9,0xfdeaeaea,0xfdeaeaea,0xfdeaeaea,
0xfdeaeaea,0xfdeaeaea,0xfde9e9e9,0xfde9e9e9,0xfde9e9e9,0xfdeaeaea,0xfdeaeaea,0xfdeaeaea,0xfdeaeaea,0xfdeaeaea,
0xfdeaeaea,0xfdeaeaea,0xfceaeaea,0xfdeeeeee,0xecebebeb,0x11e1e1e1,0x00000000,0x01ffffff,0x00000000,0x00000000,
0x00000000,0x00000000,0x01ffffff,0x00000000,0x12e2e2e2,0xf9ebebeb,0xfffafafa,0xfff5f5f5,0xfff6f6f6,0xfff6f6f6,
0xfff6f6f6,0xfff6f6f6,0xfff6f6f6,0xfff6f6f6,0xfff6f6f6,0xfff6f6f6,0xfff6f6f6,0xfff6f6f6,0xfff6f6f6,0xfff6f6f6,
0xfff6f6f6,0xfff6f6f6,0xfff6f6f6,0xfff6f6f6,0xfff6f6f6,0xfff6f6f6,0xfff6f6f6,0xfff6f6f6,0xfff6f6f6,0xfff6f6f6,
0xfff6f6f6,0xfff6f6f6,0xfff5f5f5,0xfffafafa,0xf9ebebeb,0x12e2e2e2,0x00000000,0x01ffffff,0x00000000,0x00000000,
0x00000000,0x00000000,0x00000000,0x00000000,0x04ffffff,0x3deaeaea,0x41efefef,0x41ebebeb,0x41ebebeb,0x41ebebeb,
0x41ebebeb,0x41ebebeb,0x41ebebeb,0x41ebebeb,0x41ebebeb,0x41ebebeb,0x41ebebeb,0x41ebebeb,0x41ebebeb,0x41ebebeb,
0x41ebebeb,0x41ebebeb,0x41ebebeb,0x41ebebeb,0x41ebebeb,0x41ebebeb,0x41ebebeb,0x41ebebeb,0x41ebebeb,0x41ebebeb,
0x41ebebeb,0x41ebebeb,0x41ebebeb,0x41efefef,0x3deaeaea,0x04ffffff,0x00000000,0x00000000,0x00000000,0x00000000,
0x00000000,0x00000000,0x00000000,0x00000000,0x00000000,0x00000000,0x00000000,0x00000000,0x00000000,0x00000000,
0x00000000,0x00000000,0x00000000,0x00000000,0x00000000,0x00000000,0x00000000,0x00000000,0x00000000,0x00000000,
0x00000000,0x00000000,0x00000000,0x00000000,0x00000000,0x00000000,0x00000000,0x00000000,0x00000000,0x00000000,
0x00000000,0x00000000,0x00000000,0x00000000,0x00000000,0x00000000,0x00000000,0x00000000,0x00000000,0x00000000,
0x00000000,0x00000000,0x00000000,0x00000000,0x00000000,0x03ffffff,0x03ffffff,0x03ffffff,0x03ffffff,0x03ffffff,
0x03ffffff,0x03ffffff,0x03ffffff,0x03ffffff,0x03ffffff,0x03ffffff,0x03ffffff,0x03ffffff,0x03ffffff,0x03ffffff,
0x03ffffff,0x03ffffff,0x03ffffff,0x03ffffff,0x03ffffff,0x03ffffff,0x03ffffff,0x03ffffff,0x03ffffff,0x03ffffff,
0x03ffffff,0x03ffffff,0x03ffffff,0x03ffffff,0x03ffffff,0x00000000,0x00000000,0x00000000,0x00000000,0x00000000,
0x00000000,0x00000000,0x00000000,0x00000000,0x00000000,0x00000000,0x00000000,0x00000000,0x00000000,0x00000000,
0x00000000,0x00000000,0x00000000,0x00000000,0x00000000,0x00000000,0x00000000,0x00000000,0x00000000,0x00000000,
0x00000000,0x00000000,0x00000000,0x00000000,0x00000000,0x00000000,0x00000000,0x00000000,0x00000000,0x00000000,
0x00000000,0x00000000,0x00000000,0x00000000,0x00000000,0x00000000,0x00000000,0x00000000,0x00000000,0x00000000,
0x00000000,0x00000000,0x00000000,0x00000000,0x00000000,0x00000000,0x00000000,0x00000000,0x00000000,0x00000000,
0x00000000,0x00000000,0x00000000,0x00000000,0x00000000,0x00000000,0x00000000,0x00000000,0x00000000,0x00000000,
0x00000000,0x00000000,0x00000000,0x00000000,0x00000000,0x00000000,0x00000000,0x00000000,0x00000000,0x00000000,
0x00000000,0x00000000,0x00000000,0x00000000,0x00000000,0x00000000,0x00000000,0x00000000,0x00000000,0x00000000,
0x00000000,0x00000000,0x00000000,0x00000000,0x00000000,0x00000000,0x00000000,0x00000000,0x00000000,0x00000000,
0x00000000,0x00000000,0x00000000,0x00000000,0x00000000,0x00000000,0x00000000,0x00000000,0x00000000,0x00000000,
0x00000000,0x00000000,0x00000000,0x00000000,0x00000000,0x00000000,0x00000000,0x00000000,0x00000000,0x00000000,
0x00000000,0x00000000,0x00000000,0x00000000,0x00000000,0x00000000,0x00000000,0x00000000,0x00000000,0x00000000,
0x00000000,0x00000000,0x00000000,0x00000000,0x00000000,0x00000000,0x00000000,0x00000000,0x00000000,0x00000000,
0x00000000,0x00000000,0x00000000,0x00000000,0x00000000,0x00000000,0x00000000,0x00000000,0x00000000,0x00000000,
0x00000000,0x00000000,0x00000000,0x00000000,0x00000000,0x00000000,0x00000000,0x00000000,0x00000000,0x00000000,
0x00000000,0x00000000,0x00000000,0x00000000,0x00000000,0x00000000,0x00000000,0x00000000,0x00000000,0x00000000,
0x00000000,0x00000000,0x00000000,0x00000000,0x00000000,0x00000000,0x00000000,0x00000000,0x00000000,0x00000000,
0x00000000,0x00000000,0x00000000,0x00000000,0x00000000,0x00000000,0x00000000,0x00000000,0x00000000,0x00000000,
0x00000000,0x00000000,0x00000000,0x00000000,0x00000000,0x00000000,0x00000000,0x00000000,0x00000000,0x00000000,
0x00000000,0x00000000,0x00000000,0x00000000,0x00000000,0x00000000,0x00000000,0x00000000,0x00000000,0x00000000,
0x00000000,0x00000000,0x00000000,0x00000000,0x00000000,0x00000000,0x00000000,0x00000000,0x00000000,0x00000000,
0x00000000,0x00000000,0x00000000,0x00000000,0x00000000,0x00000000,0x00000000,0x00000000,0x00000000,0x00000000,
0x00000000,0x00000000,0x00000000,0x00000000,0x00000000,0x00000000,0x00000000,0x00000000,0x00000000,0x00000000,
0x00000000,0x00000000,0x00000000,0x00000000,0x00000000,0x00000000,0x00000000,0x00000000,0x00000000,0x00000000,
},
/* SL source SHA256 85cb3b87d922f584b46320df8e092a5c904f9819127c9d40234e8a5d82333d02 */
{
0x00000000,0x00000000,0x00000000,0x00000000,0x00000000,0x00000000,0x00000000,0x00000000,0x00000000,0x00000000,
0x00000000,0x00000000,0x00000000,0x00000000,0x00000000,0x00000000,0x00000000,0x00000000,0x00000000,0x00000000,
0x00000000,0x00000000,0x00000000,0x00000000,0x00000000,0x00000000,0x00000000,0x00000000,0x00000000,0x00000000,
0x00000000,0x00000000,0x00000000,0x00000000,0x00000000,0x00000000,0x00000000,0x00000000,0x00000000,0x00000000,
0x00000000,0x00000000,0x00000000,0x00000000,0x00000000,0x00000000,0x00000000,0x00000000,0x00000000,0x00000000,
0x00000000,0x00000000,0x00000000,0x00000000,0x00000000,0x00000000,0x00000000,0x00000000,0x00000000,0x00000000,
0x00000000,0x00000000,0x00000000,0x00000000,0x00000000,0x00000000,0x00000000,0x00000000,0x00000000,0x00000000,
0x00000000,0x00000000,0x00000000,0x00000000,0x00000000,0x00000000,0x00000000,0x00000000,0x00000000,0x00000000,
0x00000000,0x00000000,0x00000000,0x00000000,0x00000000,0x00000000,0x00000000,0x00000000,0x00000000,0x00000000,
0x00000000,0x00000000,0x00000000,0x00000000,0x00000000,0x00000000,0x00000000,0x00000000,0x00000000,0x00000000,
0x00000000,0x00000000,0x00000000,0x00000000,0x00000000,0x00000000,0x00000000,0x00000000,0x00000000,0x00000000,
0x00000000,0x00000000,0x00000000,0x00000000,0x00000000,0x00000000,0x00000000,0x00000000,0x00000000,0x00000000,
0x00000000,0x00000000,0x00000000,0x00000000,0x00000000,0x00000000,0x00000000,0x00000000,0x00000000,0x00000000,
0x00000000,0x00000000,0x00000000,0x00000000,0x00000000,0x00000000,0x00000000,0x00000000,0x00000000,0x00000000,
0x00000000,0x00000000,0x00000000,0x00000000,0x00000000,0x00000000,0x00000000,0x00000000,0x00000000,0x00000000,
0x00000000,0x00000000,0x00000000,0x00000000,0x00000000,0x00000000,0x00000000,0x00000000,0x00000000,0x00000000,
0x00000000,0x00000000,0x00000000,0x00000000,0x00000000,0x00000000,0x00000000,0x00000000,0x00000000,0x00000000,
0x00000000,0x00000000,0x00000000,0x00000000,0x00000000,0x00000000,0x00000000,0x00000000,0x00000000,0x00000000,
0x00000000,0x00000000,0x00000000,0x00000000,0x00000000,0x00000000,0x00000000,0x00000000,0x00000000,0x00000000,
0x00000000,0x00000000,0x00000000,0x00000000,0x00000000,0x00000000,0x00000000,0x00000000,0x00000000,0x00000000,
0x00000000,0x00000000,0x00000000,0x00000000,0x00000000,0x00000000,0x00000000,0x00000000,0x00000000,0x00000000,
0x00000000,0x00000000,0x00000000,0x00000000,0x00000000,0x00000000,0x00000000,0x00000000,0x00000000,0x00000000,
0x00000000,0x00000000,0x00000000,0x00000000,0x00000000,0x00000000,0x00000000,0x00000000,0x00000000,0x00000000,
0x00000000,0x00000000,0x00000000,0x00000000,0x00000000,0x00000000,0x00000000,0x00000000,0x00000000,0x00000000,
0x00000000,0x00000000,0x00000000,0x00000000,0x00000000,0x00000000,0x00000000,0x00000000,0x00000000,0x00000000,
0x01ffffff,0x02ffffff,0x03ffffff,0x03ffffff,0x03ffffff,0x03ffffff,0x03ffffff,0x03ffffff,0x03ffffff,0x03ffffff,
0x03ffffff,0x03ffffff,0x03ffffff,0x03ffffff,0x03ffffff,0x03ffffff,0x03ffffff,0x03ffffff,0x03ffffff,0x03ffffff,
0x03ffffff,0x03ffffff,0x03ffffff,0x03ffffff,0x03ffffff,0x00000000,0x00000000,0x00000000,0x00000000,0x00000000,
0x00000000,0x00000000,0x00000000,0x00000000,0x00000000,0x00000000,0x00000000,0x00000000,0x02ffffff,0x03ffffff,
0x00000000,0x00000000,0x00000000,0x00000000,0x00000000,0x00000000,0x00000000,0x00000000,0x00000000,0x00000000,
0x00000000,0x00000000,0x00000000,0x00000000,0x00000000,0x00000000,0x00000000,0x00000000,0x00000000,0x00000000,
0x00000000,0x00000000,0x00000000,0x00000000,0x00000000,0x00000000,0x00000000,0x00000000,0x00000000,0x00000000,
0x00000000,0x00000000,0x00000000,0x00000000,0x00000000,0x00000000,0x00000000,0x03ffffff,0x00000000,0x00000000,
0x0eececec,0x32efefef,0x41ebebeb,0x41ebebeb,0x41ebebeb,0x41ebebeb,0x41ebebeb,0x41ebebeb,0x41ebebeb,0x41ebebeb,
0x41ebebeb,0x41ebebeb,0x41ebebeb,0x41ebebeb,0x41ebebeb,0x41ebebeb,0x41ebebeb,0x41ebebeb,0x41ebebeb,0x41ebebeb,
0x41ebebeb,0x41ebebeb,0x41ebebeb,0x41efefef,0x3deaeaea,0x04ffffff,0x00000000,0x00000000,0x00000000,0x00000000,
0x00000000,0x00000000,0x00000000,0x00000000,0x00000000,0x00000000,0x03aaaaaa,0x00000000,0x26e4e4e4,0x9af1f1f1,
0xe5efefef,0xffeeeeee,0xfff5f5f5,0xfff6f6f6,0xfff6f6f6,0xfff6f6f6,0xfff6f6f6,0xfff6f6f6,0xfff6f6f6,0xfff6f6f6,
0xfff6f6f6,0xfff6f6f6,0xfff6f6f6,0xfff6f6f6,0xfff6f6f6,0xfff6f6f6,0xfff6f6f6,0xfff6f6f6,0xfff6f6f6,0xfff6f6f6,
0xfff6f6f6,0xfff6f6f6,0xfff5f5f5,0xfffafafa,0xf9ebebeb,0x12e2e2e2,0x00000000,0x01ffffff,0x00000000,0x00000000,
0x00000000,0x00000000,0x00000000,0x00000000,0x00000000,0x03ffffff,0x00000000,0x58e7e7e7,0xf2f2f2f2,0xfffcfcfc,
0xfff0f0f0,0xffeaeaea,0xfdeaeaea,0xfde8e8e8,0xfde7e7e7,0xfde7e7e7,0xfde7e7e7,0xfde7e7e7,0xfde9e9e9,0xfdeaeaea,
0xfdeaeaea,0xfdeaeaea,0xfdeaeaea,0xfdeaeaea,0xfdeaeaea,0xfdeaeaea,0xfdeaeaea,0xfdeaeaea,0xfdeaeaea,0xfdeaeaea,
0xfdeaeaea,0xfdeaeaea,0xfceaeaea,0xfdeeeeee,0xecebebeb,0x11e1e1e1,0x00000000,0x01ffffff,0x00000000,0x00000000,
0x00000000,0x00000000,0x00000000,0x00000000,0x03aaaaaa,0x00000000,0x4eebebeb,0xfff5f5f5,0xffefefef,0xfbe9e9e9,
0xfeeaeaea,0xffe9e9e9,0xffe9e9e9,0xfff2f2f2,0xfff8f8f8,0xfff9f9f9,0xfff9f9f9,0xfff6f6f6,0xffececec,0xffe8e8e8,
0xffebebeb,0xffebebeb,0xffebebeb,0xffebebeb,0xffebebeb,0xffebebeb,0xffebebeb,0xffebebeb,0xffebebeb,0xffebebeb,
0xffebebeb,0xffebebeb,0xfeeaeaea,0xffefefef,0xeeebebeb,0x11e1e1e1,0x00000000,0x01ffffff,0x00000000,0x00000000,
0x00000000,0x00000000,0x00000000,0x01ffffff,0x01ffffff,0x14f2f2f2,0xeaececec,0xfef1f1f1,0xfceaeaea,0xffececec,
0xffe9e9e9,0xffefefef,0xfff3f3f3,0xffcacaca,0xffa0a0a0,0xff909090,0xff969696,0xffb4b4b4,0xffe6e6e6,0xfff5f5f5,
0xffe9e9e9,0xffebebeb,0xffebebeb,0xffeaeaea,0xffe8e8e8,0xffe8e8e8,0xffe9e9e9,0xffebebeb,0xffebebeb,0xffebebeb,
0xffebebeb,0xffebebeb,0xfeeaeaea,0xffefefef,0xeeebebeb,0x11e1e1e1,0x00000000,0x01ffffff,0x00000000,0x00000000,
0x00000000,0x00000000,0x00000000,0x04ffffff,0x00000000,0x78ebebeb,0xfffdfdfd,0xfbe9e9e9,0xffebebeb,0xffeaeaea,
0xfff0f0f0,0xffdddddd,0xff686868,0xff2c2c2c,0xff1c1c1c,0xff141414,0xff181818,0xff242424,0xff444444,0xffb3b3b3,
0xfff5f5f5,0xffe9e9e9,0xffeaeaea,0xffeeeeee,0xfff9f9f9,0xfffafafa,0xfff2f2f2,0xffeaeaea,0xffebebeb,0xffebebeb,
0xffebebeb,0xffebebeb,0xfeeaeaea,0xffefefef,0xeeebebeb,0x11e1e1e1,0x00000000,0x01ffffff,0x00000000,0x00000000,
0x00000000,0x00000000,0x00000000,0x01ffffff,0x00000000,0xc6eaeaea,0xfef6f6f6,0xfcebebeb,0xffeaeaea,0xffececec,
0xffe7e7e7,0xff515151,0xff1c1c1c,0xff262626,0xff484848,0xff646464,0xff575757,0xff2d2d2d,0xff242424,0xff292929,
0xffbdbdbd,0xfff3f3f3,0xffededed,0xffd6d6d6,0xff8e8e8e,0xff898989,0xffbfbfbf,0xfff2f2f2,0xffeaeaea,0xffebebeb,
0xffebebeb,0xffebebeb,0xfeeaeaea,0xffefefef,0xeeebebeb,0x11e1e1e1,0x00000000,0x01ffffff,0x00000000,0x00000000,
0x00000000,0x00000000,0x01ffffff,0x00000000,0x0be7e7e7,0xe6ebebeb,0xfff0f0f0,0xfeeaeaea,0xffe8e8e8,0xfff8f8f8,
0xff9e9e9e,0xff1f1f1f,0xff2a2a2a,0xff7f7f7f,0xffebebeb,0xfff2f2f2,0xfff2f2f2,0xffb9b9b9,0xff333333,0xff141414,
0xff525252,0xffefefef,0xfff4f4f4,0xffbcbcbc,0xff1c1c1c,0xff111111,0xff898989,0xfffafafa,0xffe8e8e8,0xffebebeb,
0xffebebeb,0xffebebeb,0xfeeaeaea,0xffefefef,0xeeebebeb,0x11e1e1e1,0x00000000,0x01ffffff,0x00000000,0x00000000,
0x00000000,0x00000000,0x01ffffff,0x00000000,0x11e1e1e1,0xeeebebeb,0xffefefef,0xfeeaeaea,0xffe8e8e8,0xfff7f7f7,
0xff797979,0xff202020,0xff343434,0xffdfdfdf,0xfff2f2f2,0xffe4e4e4,0xffe7e7e7,0xfffafafa,0xff979797,0xff5c5c5c,
0xff777777,0xffe4e4e4,0xfff6f6f6,0xffc0c0c0,0xff2d2d2d,0xff232323,0xff929292,0xfff9f9f9,0xffe8e8e8,0xffebebeb,
0xffebebeb,0xffebebeb,0xfeeaeaea,0xffefefef,0xeeebebeb,0x11e1e1e1,0x00000000,0x01ffffff,0x00000000,0x00000000,
0x00000000,0x00000000,0x01ffffff,0x00000000,0x11e1e1e1,0xeeebebeb,0xffefefef,0xfeeaeaea,0xffe8e8e8,0xfff9f9f9,
0xff838383,0xff212121,0xff2c2c2c,0xff9d9d9d,0xfffbfbfb,0xfff6f6f6,0xfff2f2f2,0xffe9e9e9,0xffefefef,0xfff5f5f5,
0xfff4f4f4,0xffe9e9e9,0xfff4f4f4,0xffbfbfbf,0xff2a2a2a,0xff202020,0xff909090,0xfff9f9f9,0xffe8e8e8,0xffebebeb,
0xffebebeb,0xffebebeb,0xfeeaeaea,0xffefefef,0xeeebebeb,0x11e1e1e1,0x00000000,0x01ffffff,0x00000000,0x00000000,
0x00000000,0x00000000,0x01ffffff,0x00000000,0x11e1e1e1,0xeeebebeb,0xffefefef,0xfeeaeaea,0xffe9e9e9,0xfff3f3f3,
0xffc4c4c4,0xff272727,0xff272727,0xff2e2e2e,0xff696969,0xffa4a4a4,0xffcdcdcd,0xffebebeb,0xfff6f6f6,0xffebebeb,
0xffe7e7e7,0xffe9e9e9,0xfff4f4f4,0xffbfbfbf,0xff2a2a2a,0xff202020,0xff909090,0xfff9f9f9,0xffe8e8e8,0xffebebeb,
0xffebebeb,0xffebebeb,0xfeeaeaea,0xffefefef,0xeeebebeb,0x11e1e1e1,0x00000000,0x01ffffff,0x00000000,0x00000000,
0x00000000,0x00000000,0x01ffffff,0x00000000,0x11e1e1e1,0xeeebebeb,0xffefefef,0xfeeaeaea,0xffebebeb,0xffe9e9e9,
0xfff4f4f4,0xffababab,0xff363636,0xff202020,0xff191919,0xff1e1e1e,0xff303030,0xff4f4f4f,0xff8e8e8e,0xffe3e3e3,
0xfff2f2f2,0xffe7e7e7,0xfff4f4f4,0xffbfbfbf,0xff2a2a2a,0xff202020,0xff909090,0xfff9f9f9,0xffe8e8e8,0xffebebeb,
0xffebebeb,0xffebebeb,0xfeeaeaea,0xffefefef,0xeeebebeb,0x11e1e1e1,0x00000000,0x01ffffff,0x00000000,0x00000000,
0x00000000,0x00000000,0x01ffffff,0x00000000,0x11e1e1e1,0xeeebebeb,0xffefefef,0xfeeaeaea,0xffebebeb,0xffebebeb,
0xffe8e8e8,0xfff4f4f4,0xffdadada,0xff949494,0xff5f5f5f,0xff3c3c3c,0xff232323,0xff1c1c1c,0xff1e1e1e,0xff464646,
0xffd2d2d2,0xffefefef,0xfff3f3f3,0xffbfbfbf,0xff2a2a2a,0xff202020,0xff909090,0xfff9f9f9,0xffe8e8e8,0xffebebeb,
0xffebebeb,0xffebebeb,0xfeeaeaea,0xffefefef,0xeeebebeb,0x11e1e1e1,0x00000000,0x01ffffff,0x00000000,0x00000000,
0x00000000,0x00000000,0x01ffffff,0x00000000,0x11e1e1e1,0xeeebebeb,0xffefefef,0xfeeaeaea,0xffebebeb,0xffebebeb,
0xfff0f0f0,0xffeeeeee,0xfff1f1f1,0xfff8f8f8,0xfff2f2f2,0xffdcdcdc,0xffb4b4b4,0xff666666,0xff2d2d2d,0xff1f1f1f,
0xff585858,0xffededed,0xfff4f4f4,0xffbfbfbf,0xff2a2a2a,0xff202020,0xff909090,0xfff9f9f9,0xffe8e8e8,0xffebebeb,
0xffebebeb,0xffebebeb,0xfeeaeaea,0xffefefef,0xeeebebeb,0x11e1e1e1,0x00000000,0x01ffffff,0x00000000,0x00000000,
0x00000000,0x00000000,0x01ffffff,0x00000000,0x11e1e1e1,0xeeebebeb,0xffefefef,0xfeeaeaea,0xffebebeb,0xffe9e9e9,
0xffd9d9d9,0xffd6d6d6,0xffe1e1e1,0xffe8e8e8,0xffe8e8e8,0xffeeeeee,0xfff5f5f5,0xfff8f8f8,0xff707070,0xff232323,
0xff313131,0xffcdcdcd,0xfffbfbfb,0xffbebebe,0xff2a2a2a,0xff202020,0xff909090,0xfff8f8f8,0xffe7e7e7,0xffeaeaea,
0xffeaeaea,0xffeaeaea,0xfeeaeaea,0xffefefef,0xeeebebeb,0x11e1e1e1,0x00000000,0x01ffffff,0x00000000,0x00000000,
0x00000000,0x00000000,0x01ffffff,0x00000000,0x11e1e1e1,0xeeebebeb,0xffefefef,0xfee9e9e9,0xffededed,0xffe4e4e4,
0xff4b4b4b,0xff272727,0xff6a6a6a,0xfffbfbfb,0xffececec,0xffe9e9e9,0xffe6e6e6,0xffffffff,0xff8b8b8b,0xff1f1f1f,
0xff313131,0xffc7c7c7,0xfffcfcfc,0xffbebebe,0xff2a2a2a,0xff202020,0xff919191,0xfffcfcfc,0xffebebeb,0xffeeeeee,
0xffeeeeee,0xffededed,0xfeeaeaea,0xffefefef,0xeeebebeb,0x11e1e1e1,0x00000000,0x01ffffff,0x00000000,0x00000000,
0x00000000,0x00000000,0x01ffffff,0x00000000,0x0be7e7e7,0xe6ebebeb,0xfff0f0f0,0xfeeaeaea,0xffe9e9e9,0xfff5f5f5,
0xff656565,0xff1e1e1e,0xff2e2e2e,0xff989898,0xffe8e8e8,0xffeeeeee,0xffededed,0xffb6b6b6,0xff3b3b3b,0xff262626,
0xff404040,0xffe2e2e2,0xfff6f6f6,0xffbfbfbf,0xff2a2a2a,0xff212121,0xff8b8b8b,0xffeeeeee,0xffdedede,0xffe1e1e1,
0xffe1e1e1,0xffe2e2e2,0xfeeaeaea,0xffefefef,0xeeebebeb,0x11e1e1e1,0x00000000,0x01ffffff,0x00000000,0x00000000,
0x00000000,0x00000000,0x00000000,0x01ffffff,0x00000000,0xc6eaeaea,0xfef6f6f6,0xfcebebeb,0xffe9e9e9,0xfff2f2f2,
0xffc9c9c9,0xff2f2f2f,0xff222222,0xff262626,0xff444444,0xff5a5a5a,0xff4e4e4e,0xff2b2b2b,0xff252525,0xff1d1d1d,
0xff9c9c9c,0xfff4f4f4,0xfff2f2f2,0xffbfbfbf,0xff292929,0xff2f2f2f,0xff373737,0xff404040,0xff3e3e3e,0xff404040,
0xff3a3a3a,0xff535353,0xfee4e4e4,0xfff1f1f1,0xeeeaeaea,0x11e1e1e1,0x00000000,0x01ffffff,0x00000000,0x00000000,
0x00000000,0x00000000,0x00000000,0x04ffffff,0x00000000,0x78ebebeb,0xfffdfdfd,0xfbe9e9e9,0xffececec,0xffe9e9e9,
0xfff4f4f4,0xffc1c1c1,0xff505050,0xff2a2a2a,0xff1c1c1c,0xff171717,0xff1a1a1a,0xff252525,0xff3e3e3e,0xff9e9e9e,
0xfff3f3f3,0xffe8e8e8,0xfff4f4f4,0xffbdbdbd,0xff1f1f1f,0xff262626,0xff232323,0xff212121,0xff212121,0xff222222,
0xff1c1c1c,0xff383838,0xfee3e3e3,0xfff1f1f1,0xeeeaeaea,0x11e1e1e1,0x00000000,0x01ffffff,0x00000000,0x00000000,
0x00000000,0x00000000,0x00000000,0x01ffffff,0x01ffffff,0x14f2f2f2,0xeaececec,0xfef1f1f1,0xfceaeaea,0xffececec,
0xffe9e9e9,0xfff3f3f3,0xffededed,0xffc1c1c1,0xffa1a1a1,0xff969696,0xff9c9c9c,0xffb5b5b5,0xffe2e2e2,0xfff7f7f7,
0xffeaeaea,0xffeaeaea,0xffededed,0xffe0e0e0,0xffbababa,0xffbbbbbb,0xffbcbcbc,0xffbcbcbc,0xffbcbcbc,0xffbcbcbc,
0xffbbbbbb,0xffc2c2c2,0xfee8e8e8,0xfff0f0f0,0xeeebebeb,0x11e1e1e1,0x00000000,0x01ffffff,0x00000000,0x00000000,
0x00000000,0x00000000,0x00000000,0x00000000,0x03aaaaaa,0x00000000,0x4ee8e8e8,0xfff5f5f5,0xffefefef,0xfbe9e9e9,
0xfeeaeaea,0xffe9e9e9,0xffebebeb,0xfff4f4f4,0xfff8f8f8,0xfff8f8f8,0xfff8f8f8,0xfff5f5f5,0xffededed,0xffe8e8e8,
0xffebebeb,0xffebebeb,0xffeaeaea,0xffededed,0xfff5f5f5,0xfff5f5f5,0xfff5f5f5,0xfff5f5f5,0xfff5f5f5,0xfff5f5f5,
0xfff5f5f5,0xfff4f4f4,0xfeeaeaea,0xffefefef,0xeeebebeb,0x11e1e1e1,0x00000000,0x01ffffff,0x00000000,0x00000000,
0x00000000,0x00000000,0x00000000,0x00000000,0x00000000,0x03ffffff,0x00000000,0x58e4e4e4,0xf1f2f2f2,0xfffcfcfc,
0xfff0f0f0,0xffeaeaea,0xfdeaeaea,0xfde8e8e8,0xfde7e7e7,0xfde7e7e7,0xfde7e7e7,0xfde7e7e7,0xfde9e9e9,0xfdeaeaea,
0xfdeaeaea,0xfdeaeaea,0xfdeaeaea,0xfde9e9e9,0xfde7e7e7,0xfde8e8e8,0xfde8e8e8,0xfde8e8e8,0xfde8e8e8,0xfde8e8e8,
0xfde7e7e7,0xfde8e8e8,0xfceaeaea,0xfdeeeeee,0xecebebeb,0x11e1e1e1,0x00000000,0x01ffffff,0x00000000,0x00000000,
0x00000000,0x00000000,0x00000000,0x00000000,0x00000000,0x00000000,0x03aaaaaa,0x00000000,0x25e3e3e3,0x99f1f1f1,
0xe4f0f0f0,0xffeeeeee,0xfff5f5f5,0xfff6f6f6,0xfff6f6f6,0xfff6f6f6,0xfff6f6f6,0xfff6f6f6,0xfff6f6f6,0xfff6f6f6,
0xfff6f6f6,0xfff6f6f6,0xfff6f6f6,0xfff6f6f6,0xfff6f6f6,0xfff6f6f6,0xfff6f6f6,0xfff6f6f6,0xfff6f6f6,0xfff6f6f6,
0xfff6f6f6,0xfff6f6f6,0xfff5f5f5,0xfffafafa,0xf9ebebeb,0x12e2e2e2,0x00000000,0x01ffffff,0x00000000,0x00000000,
0x00000000,0x00000000,0x00000000,0x00000000,0x00000000,0x00000000,0x00000000,0x03ffffff,0x00000000,0x00000000,
0x0eececec,0x32efefef,0x41ebebeb,0x41ebebeb,0x41ebebeb,0x41ebebeb,0x41ebebeb,0x41ebebeb,0x41ebebeb,0x41ebebeb,
0x41ebebeb,0x41ebebeb,0x41ebebeb,0x41ebebeb,0x41ebebeb,0x41ebebeb,0x41ebebeb,0x41ebebeb,0x41ebebeb,0x41ebebeb,
0x41ebebeb,0x41ebebeb,0x41ebebeb,0x41efefef,0x3deaeaea,0x04ffffff,0x00000000,0x00000000,0x00000000,0x00000000,
0x00000000,0x00000000,0x00000000,0x00000000,0x00000000,0x00000000,0x00000000,0x00000000,0x02ffffff,0x03ffffff,
0x00000000,0x00000000,0x00000000,0x00000000,0x00000000,0x00000000,0x00000000,0x00000000,0x00000000,0x00000000,
0x00000000,0x00000000,0x00000000,0x00000000,0x00000000,0x00000000,0x00000000,0x00000000,0x00000000,0x00000000,
0x00000000,0x00000000,0x00000000,0x00000000,0x00000000,0x00000000,0x00000000,0x00000000,0x00000000,0x00000000,
0x00000000,0x00000000,0x00000000,0x00000000,0x00000000,0x00000000,0x00000000,0x00000000,0x00000000,0x00000000,
0x01ffffff,0x02ffffff,0x03ffffff,0x03ffffff,0x03ffffff,0x03ffffff,0x03ffffff,0x03ffffff,0x03ffffff,0x03ffffff,
0x03ffffff,0x03ffffff,0x03ffffff,0x03ffffff,0x03ffffff,0x03ffffff,0x03ffffff,0x03ffffff,0x03ffffff,0x03ffffff,
0x03ffffff,0x03ffffff,0x03ffffff,0x03ffffff,0x03ffffff,0x00000000,0x00000000,0x00000000,0x00000000,0x00000000,
0x00000000,0x00000000,0x00000000,0x00000000,0x00000000,0x00000000,0x00000000,0x00000000,0x00000000,0x00000000,
0x00000000,0x00000000,0x00000000,0x00000000,0x00000000,0x00000000,0x00000000,0x00000000,0x00000000,0x00000000,
0x00000000,0x00000000,0x00000000,0x00000000,0x00000000,0x00000000,0x00000000,0x00000000,0x00000000,0x00000000,
0x00000000,0x00000000,0x00000000,0x00000000,0x00000000,0x00000000,0x00000000,0x00000000,0x00000000,0x00000000,
0x00000000,0x00000000,0x00000000,0x00000000,0x00000000,0x00000000,0x00000000,0x00000000,0x00000000,0x00000000,
0x00000000,0x00000000,0x00000000,0x00000000,0x00000000,0x00000000,0x00000000,0x00000000,0x00000000,0x00000000,
0x00000000,0x00000000,0x00000000,0x00000000,0x00000000,0x00000000,0x00000000,0x00000000,0x00000000,0x00000000,
0x00000000,0x00000000,0x00000000,0x00000000,0x00000000,0x00000000,0x00000000,0x00000000,0x00000000,0x00000000,
0x00000000,0x00000000,0x00000000,0x00000000,0x00000000,0x00000000,0x00000000,0x00000000,0x00000000,0x00000000,
0x00000000,0x00000000,0x00000000,0x00000000,0x00000000,0x00000000,0x00000000,0x00000000,0x00000000,0x00000000,
0x00000000,0x00000000,0x00000000,0x00000000,0x00000000,0x00000000,0x00000000,0x00000000,0x00000000,0x00000000,
0x00000000,0x00000000,0x00000000,0x00000000,0x00000000,0x00000000,0x00000000,0x00000000,0x00000000,0x00000000,
0x00000000,0x00000000,0x00000000,0x00000000,0x00000000,0x00000000,0x00000000,0x00000000,0x00000000,0x00000000,
0x00000000,0x00000000,0x00000000,0x00000000,0x00000000,0x00000000,0x00000000,0x00000000,0x00000000,0x00000000,
0x00000000,0x00000000,0x00000000,0x00000000,0x00000000,0x00000000,0x00000000,0x00000000,0x00000000,0x00000000,
0x00000000,0x00000000,0x00000000,0x00000000,0x00000000,0x00000000,0x00000000,0x00000000,0x00000000,0x00000000,
0x00000000,0x00000000,0x00000000,0x00000000,0x00000000,0x00000000,0x00000000,0x00000000,0x00000000,0x00000000,
0x00000000,0x00000000,0x00000000,0x00000000,0x00000000,0x00000000,0x00000000,0x00000000,0x00000000,0x00000000,
0x00000000,0x00000000,0x00000000,0x00000000,0x00000000,0x00000000,0x00000000,0x00000000,0x00000000,0x00000000,
0x00000000,0x00000000,0x00000000,0x00000000,0x00000000,0x00000000,0x00000000,0x00000000,0x00000000,0x00000000,
0x00000000,0x00000000,0x00000000,0x00000000,0x00000000,0x00000000,0x00000000,0x00000000,0x00000000,0x00000000,
0x00000000,0x00000000,0x00000000,0x00000000,0x00000000,0x00000000,0x00000000,0x00000000,0x00000000,0x00000000,
0x00000000,0x00000000,0x00000000,0x00000000,0x00000000,0x00000000,0x00000000,0x00000000,0x00000000,0x00000000,
0x00000000,0x00000000,0x00000000,0x00000000,0x00000000,0x00000000,0x00000000,0x00000000,0x00000000,0x00000000,
},
/* SR source SHA256 2fa0e916e29a273fac28a7a6f0dff7d5975af6bdce2393f0517f372bfa656364 */
{
0x00000000,0x00000000,0x00000000,0x00000000,0x00000000,0x00000000,0x00000000,0x00000000,0x00000000,0x00000000,
0x00000000,0x00000000,0x00000000,0x00000000,0x00000000,0x00000000,0x00000000,0x00000000,0x00000000,0x00000000,
0x00000000,0x00000000,0x00000000,0x00000000,0x00000000,0x00000000,0x00000000,0x00000000,0x00000000,0x00000000,
0x00000000,0x00000000,0x00000000,0x00000000,0x00000000,0x00000000,0x00000000,0x00000000,0x00000000,0x00000000,
0x00000000,0x00000000,0x00000000,0x00000000,0x00000000,0x00000000,0x00000000,0x00000000,0x00000000,0x00000000,
0x00000000,0x00000000,0x00000000,0x00000000,0x00000000,0x00000000,0x00000000,0x00000000,0x00000000,0x00000000,
0x00000000,0x00000000,0x00000000,0x00000000,0x00000000,0x00000000,0x00000000,0x00000000,0x00000000,0x00000000,
0x00000000,0x00000000,0x00000000,0x00000000,0x00000000,0x00000000,0x00000000,0x00000000,0x00000000,0x00000000,
0x00000000,0x00000000,0x00000000,0x00000000,0x00000000,0x00000000,0x00000000,0x00000000,0x00000000,0x00000000,
0x00000000,0x00000000,0x00000000,0x00000000,0x00000000,0x00000000,0x00000000,0x00000000,0x00000000,0x00000000,
0x00000000,0x00000000,0x00000000,0x00000000,0x00000000,0x00000000,0x00000000,0x00000000,0x00000000,0x00000000,
0x00000000,0x00000000,0x00000000,0x00000000,0x00000000,0x00000000,0x00000000,0x00000000,0x00000000,0x00000000,
0x00000000,0x00000000,0x00000000,0x00000000,0x00000000,0x00000000,0x00000000,0x00000000,0x00000000,0x00000000,
0x00000000,0x00000000,0x00000000,0x00000000,0x00000000,0x00000000,0x00000000,0x00000000,0x00000000,0x00000000,
0x00000000,0x00000000,0x00000000,0x00000000,0x00000000,0x00000000,0x00000000,0x00000000,0x00000000,0x00000000,
0x00000000,0x00000000,0x00000000,0x00000000,0x00000000,0x00000000,0x00000000,0x00000000,0x00000000,0x00000000,
0x00000000,0x00000000,0x00000000,0x00000000,0x00000000,0x00000000,0x00000000,0x00000000,0x00000000,0x00000000,
0x00000000,0x00000000,0x00000000,0x00000000,0x00000000,0x00000000,0x00000000,0x00000000,0x00000000,0x00000000,
0x00000000,0x00000000,0x00000000,0x00000000,0x00000000,0x00000000,0x00000000,0x00000000,0x00000000,0x00000000,
0x00000000,0x00000000,0x00000000,0x00000000,0x00000000,0x00000000,0x00000000,0x00000000,0x00000000,0x00000000,
0x00000000,0x00000000,0x00000000,0x00000000,0x00000000,0x00000000,0x00000000,0x00000000,0x00000000,0x00000000,
0x00000000,0x00000000,0x00000000,0x00000000,0x00000000,0x00000000,0x00000000,0x00000000,0x00000000,0x00000000,
0x00000000,0x00000000,0x00000000,0x00000000,0x00000000,0x00000000,0x00000000,0x00000000,0x00000000,0x00000000,
0x00000000,0x00000000,0x00000000,0x00000000,0x00000000,0x00000000,0x00000000,0x00000000,0x00000000,0x00000000,
0x00000000,0x00000000,0x00000000,0x00000000,0x00000000,0x03ffffff,0x03ffffff,0x03ffffff,0x03ffffff,0x03ffffff,
0x03ffffff,0x03ffffff,0x03ffffff,0x03ffffff,0x03ffffff,0x03ffffff,0x03ffffff,0x03ffffff,0x03ffffff,0x03ffffff,
0x03ffffff,0x03ffffff,0x03ffffff,0x03ffffff,0x03ffffff,0x03ffffff,0x03ffffff,0x03ffffff,0x02ffffff,0x01ffffff,
0x00000000,0x00000000,0x00000000,0x00000000,0x00000000,0x00000000,0x00000000,0x00000000,0x00000000,0x00000000,
0x00000000,0x00000000,0x00000000,0x00000000,0x00000000,0x00000000,0x00000000,0x00000000,0x00000000,0x00000000,
0x00000000,0x00000000,0x00000000,0x00000000,0x00000000,0x00000000,0x00000000,0x00000000,0x00000000,0x00000000,
0x00000000,0x00000000,0x00000000,0x00000000,0x00000000,0x00000000,0x00000000,0x00000000,0x00000000,0x00000000,
0x03ffffff,0x02ffffff,0x00000000,0x00000000,0x00000000,0x00000000,0x00000000,0x00000000,0x00000000,0x00000000,
0x00000000,0x00000000,0x00000000,0x00000000,0x04ffffff,0x3deaeaea,0x41efefef,0x41ebebeb,0x41ebebeb,0x41ebebeb,
0x41ebebeb,0x41ebebeb,0x41ebebeb,0x41ebebeb,0x41ebebeb,0x41ebebeb,0x41ebebeb,0x41ebebeb,0x41ebebeb,0x41ebebeb,
0x41ebebeb,0x41ebebeb,0x41ebebeb,0x41ebebeb,0x41ebebeb,0x41ebebeb,0x41ebebeb,0x41ebebeb,0x32efefef,0x0eececec,
0x00000000,0x00000000,0x03ffffff,0x00000000,0x00000000,0x00000000,0x00000000,0x00000000,0x00000000,0x00000000,
0x00000000,0x00000000,0x01ffffff,0x00000000,0x12e2e2e2,0xf9ebebeb,0xfffafafa,0xfff5f5f5,0xfff6f6f6,0xfff6f6f6,
0xfff6f6f6,0xfff6f6f6,0xfff6f6f6,0xfff6f6f6,0xfff6f6f6,0xfff6f6f6,0xfff6f6f6,0xfff6f6f6,0xfff6f6f6,0xfff6f6f6,
0xfff6f6f6,0xfff6f6f6,0xfff6f6f6,0xfff6f6f6,0xfff6f6f6,0xfff6f6f6,0xfff6f6f6,0xfff5f5f5,0xffeeeeee,0xe5efefef,
0x9af0f0f0,0x27e4e4e4,0x00000000,0x03aaaaaa,0x00000000,0x00000000,0x00000000,0x00000000,0x00000000,0x00000000,
0x00000000,0x00000000,0x01ffffff,0x00000000,0x11e1e1e1,0xecebebeb,0xfdeeeeee,0xfceaeaea,0xfdeaeaea,0xfdeaeaea,
0xfdeaeaea,0xfde8e8e8,0xfde7e7e7,0xfde7e7e7,0xfde7e7e7,0xfde7e7e7,0xfde9e9e9,0xfdeaeaea,0xfdeaeaea,0xfdeaeaea,
0xfdeaeaea,0xfdeaeaea,0xfdeaeaea,0xfdeaeaea,0xfdeaeaea,0xfdeaeaea,0xfdeaeaea,0xfdeaeaea,0xffeaeaea,0xfff0f0f0,
0xfffcfcfc,0xf2f2f2f2,0x58e7e7e7,0x00000000,0x03ffffff,0x00000000,0x00000000,0x00000000,0x00000000,0x00000000,
0x00000000,0x00000000,0x01ffffff,0x00000000,0x11e1e1e1,0xeeebebeb,0xffefefef,0xfeeaeaea,0xffebebeb,0xffeaeaea,
0xffe9e9e9,0xfff1f1f1,0xfff7f7f7,0xfff9f9f9,0xfff9f9f9,0xfff6f6f6,0xffeeeeee,0xffe8e8e8,0xffebebeb,0xffebebeb,
0xffebebeb,0xffebebeb,0xffebebeb,0xffebebeb,0xffebebeb,0xffebebeb,0xffebebeb,0xffebebeb,0xffebebeb,0xfeeaeaea,
0xfbe9e9e9,0xffefefef,0xfff6f6f6,0x4eebebeb,0x00000000,0x03aaaaaa,0x00000000,0x00000000,0x00000000,0x00000000,
0x00000000,0x00000000,0x01ffffff,0x00000000,0x11e1e1e1,0xeeebebeb,0xffefefef,0xfeeaeaea,0xffeaeaea,0xffededed,
0xfff6f6f6,0xffd0d0d0,0xffa4a4a4,0xff909090,0xff949494,0xffaeaeae,0xffe0e0e0,0xfff6f6f6,0xffeaeaea,0xffebebeb,
0xffebebeb,0xffeaeaea,0xffe8e8e8,0xffe8e8e8,0xffe8e8e8,0xffe8e8e8,0xffe8e8e8,0xffe8e8e8,0xffe9e9e9,0xffebebeb,
0xffebebeb,0xfceaeaea,0xfef1f1f1,0xe9ededed,0x14f2f2f2,0x01ffffff,0x01ffffff,0x00000000,0x00000000,0x00000000,
0x00000000,0x00000000,0x01ffffff,0x00000000,0x11e1e1e1,0xeeebebeb,0xffefefef,0xfee9e9e9,0xffeeeeee,0xffe6e6e6,
0xff767676,0xff303030,0xff1d1d1d,0xff151515,0xff161616,0xff222222,0xff3c3c3c,0xffa3a3a3,0xfff4f4f4,0xffeaeaea,
0xffeaeaea,0xffefefef,0xfffafafa,0xfff9f9f9,0xfff9f9f9,0xfff9f9f9,0xfff9f9f9,0xfff8f8f8,0xfff4f4f4,0xffeaeaea,
0xffeaeaea,0xffececec,0xfbe9e9e9,0xfffdfdfd,0x78e9e9e9,0x00000000,0x04ffffff,0x00000000,0x00000000,0x00000000,
0x00000000,0x00000000,0x01ffffff,0x00000000,0x11e1e1e1,0xeeebebeb,0xffefefef,0xfee9e9e9,0xffefefef,0xff656565,
0xff1b1b1b,0xff252525,0xff424242,0xff626262,0xff5b5b5b,0xff323232,0xff252525,0xff222222,0xffa9a9a9,0xfff5f5f5,
0xffeeeeee,0xffd0d0d0,0xff8b8b8b,0xff909090,0xff919191,0xff929292,0xff919191,0xff989898,0xffbcbcbc,0xffefefef,
0xffefefef,0xffeaeaea,0xfcebebeb,0xfef6f6f6,0xc5ebebeb,0x00000000,0x02ffffff,0x00000000,0x00000000,0x00000000,
0x00000000,0x00000000,0x01ffffff,0x00000000,0x11e1e1e1,0xeeebebeb,0xffededed,0xfef4f4f4,0xffb5b5b5,0xff232323,
0xff292929,0xff6d6d6d,0xffe5e5e5,0xfff3f3f3,0xfff3f3f3,0xffc8c8c8,0xff3e3e3e,0xff171717,0xff3e3e3e,0xffe5e5e5,
0xfff8f8f8,0xffaeaeae,0xff151515,0xff222222,0xff191919,0xff141414,0xff151515,0xff1d1d1d,0xff262626,0xff5c5c5c,
0xffdcdcdc,0xffefefef,0xfee8e8e8,0xfff0f0f0,0xe6ebebeb,0x0be7e7e7,0x00000000,0x01ffffff,0x00000000,0x00000000,
0x00000000,0x00000000,0x01ffffff,0x00000000,0x11e1e1e1,0xeeebebeb,0xffececec,0xfef8f8f8,0xff909090,0xff222222,
0xff292929,0xffcbcbcb,0xfff8f8f8,0xffe3e3e3,0xffe6e6e6,0xfffbfbfb,0xffa8a8a8,0xff5c5c5c,0xff6d6d6d,0xffd9d9d9,
0xfff9f9f9,0xffb3b3b3,0xff282828,0xff2f2f2f,0xff515151,0xff6b6b6b,0xff646464,0xff414141,0xff2a2a2a,0xff1c1c1c,
0xff616161,0xfff1f1f1,0xfee9e9e9,0xffefefef,0xeeebebeb,0x11e1e1e1,0x00000000,0x01ffffff,0x00000000,0x00000000,
0x00000000,0x00000000,0x01ffffff,0x00000000,0x11e1e1e1,0xeeebebeb,0xffececec,0xfef7f7f7,0xff9a9a9a,0xff222222,
0xff292929,0xff888888,0xfff8f8f8,0xfff7f7f7,0xfff3f3f3,0xffeaeaea,0xffeeeeee,0xfff4f4f4,0xfff5f5f5,0xffeaeaea,
0xfff6f6f6,0xffb3b3b3,0xff262626,0xff222222,0xffa4a4a4,0xffffffff,0xfff2f2f2,0xffe1e1e1,0xff525252,0xff282828,
0xff2c2c2c,0xffc9c9c9,0xfef1f1f1,0xffededed,0xeeebebeb,0x11e1e1e1,0x00000000,0x01ffffff,0x00000000,0x00000000,
0x00000000,0x00000000,0x01ffffff,0x00000000,0x11e1e1e1,0xeeebebeb,0xffeeeeee,0xfeefefef,0xffd5d5d5,0xff333333,
0xff242424,0xff2c2c2c,0xff606060,0xff9e9e9e,0xffc8c8c8,0xffe8e8e8,0xfff7f7f7,0xffededed,0xffe7e7e7,0xffe9e9e9,
0xfff6f6f6,0xffb3b3b3,0xff262626,0xff232323,0xff9b9b9b,0xfff3f3f3,0xffdfdfdf,0xfffcfcfc,0xff919191,0xff202020,
0xff272727,0xffb3b3b3,0xfef5f5f5,0xffededed,0xeeebebeb,0x11e1e1e1,0x00000000,0x01ffffff,0x00000000,0x00000000,
0x00000000,0x00000000,0x01ffffff,0x00000000,0x11e1e1e1,0xeeebebeb,0xffefefef,0xfee8e8e8,0xfff4f4f4,0xffbcbcbc,
0xff3f3f3f,0xff202020,0xff191919,0xff1c1c1c,0xff2d2d2d,0xff4a4a4a,0xff848484,0xffdbdbdb,0xfff4f4f4,0xffe7e7e7,
0xfff6f6f6,0xffb3b3b3,0xff262626,0xff222222,0xffa6a6a6,0xffffffff,0xfff4f4f4,0xfffbfbfb,0xff6d6d6d,0xff252525,
0xff292929,0xffbebebe,0xfef3f3f3,0xffededed,0xeeebebeb,0x11e1e1e1,0x00000000,0x01ffffff,0x00000000,0x00000000,
0x00000000,0x00000000,0x01ffffff,0x00000000,0x11e1e1e1,0xeeebebeb,0xffefefef,0xfeeaeaea,0xffe8e8e8,0xfff3f3f3,
0xffe1e1e1,0xff9c9c9c,0xff656565,0xff3f3f3f,0xff252525,0xff1c1c1c,0xff1e1e1e,0xff3a3a3a,0xffc2c2c2,0xfff1f1f1,
0xfff4f4f4,0xffb3b3b3,0xff252525,0xff282828,0xff6e6e6e,0xffa2a2a2,0xff979797,0xff6b6b6b,0xff2c2c2c,0xff222222,
0xff444444,0xffe6e6e6,0xfeebebeb,0xffeeeeee,0xeeebebeb,0x11e1e1e1,0x00000000,0x01ffffff,0x00000000,0x00000000,
0x00000000,0x00000000,0x01ffffff,0x00000000,0x11e1e1e1,0xeeebebeb,0xffefefef,0xfeeaeaea,0xffefefef,0xffeeeeee,
0xfff0f0f0,0xfff7f7f7,0xfff4f4f4,0xffdfdfdf,0xffbababa,0xff727272,0xff2f2f2f,0xff222222,0xff454545,0xffe4e4e4,
0xfff7f7f7,0xffb2b2b2,0xff242424,0xff303030,0xff1f1f1f,0xff141414,0xff1b1b1b,0xff242424,0xff2c2c2c,0xff383838,
0xffbbbbbb,0xfff4f4f4,0xfee8e8e8,0xffefefef,0xeeebebeb,0x11e1e1e1,0x00000000,0x01ffffff,0x00000000,0x00000000,
0x00000000,0x00000000,0x01ffffff,0x00000000,0x11e1e1e1,0xeeebebeb,0xffefefef,0xfeeaeaea,0xffdbdbdb,0xffd5d5d5,
0xffdedede,0xffe9e9e9,0xffe8e8e8,0xffeeeeee,0xfff3f3f3,0xfffcfcfc,0xff858585,0xff252525,0xff272727,0xffb9b9b9,
0xffffffff,0xffb0b0b0,0xff252525,0xff2b2b2b,0xff4d4d4d,0xff6a6a6a,0xff444444,0xff2d2d2d,0xff272727,0xffb5b5b5,
0xfffbfbfb,0xffe7e7e7,0xfeeaeaea,0xffefefef,0xeeebebeb,0x11e1e1e1,0x00000000,0x01ffffff,0x00000000,0x00000000,
0x00000000,0x00000000,0x01ffffff,0x00000000,0x11e1e1e1,0xeeebebeb,0xffeeeeee,0xfeededed,0xff5b5b5b,0xff272727,
0xff585858,0xfff3f3f3,0xffefefef,0xffe9e9e9,0xffe5e5e5,0xffffffff,0xffa4a4a4,0xff222222,0xff272727,0xffb3b3b3,
0xffffffff,0xffb0b0b0,0xff262626,0xff222222,0xffa2a2a2,0xffffffff,0xffbbbbbb,0xff292929,0xff242424,0xff6b6b6b,
0xfff3f3f3,0xffe9e9e9,0xfeeaeaea,0xffefefef,0xeeebebeb,0x11e1e1e1,0x00000000,0x01ffffff,0x00000000,0x00000000,
0x00000000,0x00000000,0x01ffffff,0x00000000,0x11e1e1e1,0xeeebebeb,0xffececec,0xfef7f7f7,0xff7c7c7c,0xff1c1c1c,
0xff2b2b2b,0xff878787,0xffe5e5e5,0xffeeeeee,0xffededed,0xffc4c4c4,0xff454545,0xff282828,0xff313131,0xffd3d3d3,
0xfffbfbfb,0xffb2b2b2,0xff262626,0xff232323,0xff9d9d9d,0xfff4f4f4,0xfff2f2f2,0xff696969,0xff222222,0xff272727,
0xffbababa,0xfff5f5f5,0xfee7e7e7,0xfff0f0f0,0xe6ebebeb,0x0be7e7e7,0x00000000,0x01ffffff,0x00000000,0x00000000,
0x00000000,0x00000000,0x01ffffff,0x00000000,0x11e1e1e1,0xeeebebeb,0xffeeeeee,0xfeefefef,0xffd8d8d8,0xff3c3c3c,
0xff202020,0xff252525,0xff404040,0xff5a5a5a,0xff515151,0xff2e2e2e,0xff252525,0xff1b1b1b,0xff868686,0xfff3f3f3,
0xfff4f4f4,0xffb4b4b4,0xff282828,0xff252525,0xff9f9f9f,0xfff5f5f5,0xfff0f0f0,0xffc9c9c9,0xff2e2e2e,0xff252525,
0xff595959,0xfff2f2f2,0xfceaeaea,0xfef5f5f5,0xc5ebebeb,0x00000000,0x02ffffff,0x00000000,0x00000000,0x00000000,
0x00000000,0x00000000,0x01ffffff,0x00000000,0x11e1e1e1,0xeeebebeb,0xffefefef,0xfee8e8e8,0xfff3f3f3,0xffcfcfcf,
0xff5b5b5b,0xff2c2c2c,0xff1d1d1d,0xff171717,0xff191919,0xff232323,0xff383838,0xff8f8f8f,0xffefefef,0xffe9e9e9,
0xfff6f6f6,0xffb0b0b0,0xff1d1d1d,0xff1a1a1a,0xff9b9b9b,0xfff8f8f8,0xffe5e5e5,0xfff7f7f7,0xff777777,0xff1b1b1b,
0xff1c1c1c,0xffa0a0a0,0xfbf4f4f4,0xfffafafa,0x77ebebeb,0x00000000,0x04ffffff,0x00000000,0x00000000,0x00000000,
0x00000000,0x00000000,0x01ffffff,0x00000000,0x11e1e1e1,0xeeebebeb,0xffefefef,0xfeeaeaea,0xffe9e9e9,0xfff2f2f2,
0xfff1f1f1,0xffc7c7c7,0xffa4a4a4,0xff969696,0xff9a9a9a,0xffb1b1b1,0xffdcdcdc,0xfff7f7f7,0xffebebeb,0xffeaeaea,
0xffeeeeee,0xffdddddd,0xffb8b8b8,0xffb8b8b8,0xffd7d7d7,0xffeeeeee,0xffeaeaea,0xffeeeeee,0xffdfdfdf,0xffb8b8b8,
0xffb8b8b8,0xfcc6c6c6,0xfef4f4f4,0xe9ebebeb,0x14e5e5e5,0x01ffffff,0x01ffffff,0x00000000,0x00000000,0x00000000,
0x00000000,0x00000000,0x01ffffff,0x00000000,0x11e1e1e1,0xeeebebeb,0xffefefef,0xfeeaeaea,0xffebebeb,0xffe9e9e9,
0xffeaeaea,0xfff3f3f3,0xfff7f7f7,0xfff8f8f8,0xfff8f8f8,0xfff6f6f6,0xffefefef,0xffe8e8e8,0xffebebeb,0xffebebeb,
0xffeaeaea,0xffeeeeee,0xfff6f6f6,0xfff6f6f6,0xffefefef,0xffeaeaea,0xffebebeb,0xffeaeaea,0xffededed,0xfef4f4f4,
0xfbf4f4f4,0xfff6f6f6,0xfff5f5f5,0x4debebeb,0x00000000,0x03aaaaaa,0x00000000,0x00000000,0x00000000,0x00000000,
0x00000000,0x00000000,0x01ffffff,0x00000000,0x11e1e1e1,0xecebebeb,0xfdeeeeee,0xfceaeaea,0xfdeaeaea,0xfdeaeaea,
0xfdeaeaea,0xfde8e8e8,0xfde7e7e7,0xfde7e7e7,0xfde7e7e7,0xfde7e7e7,0xfde9e9e9,0xfdeaeaea,0xfdeaeaea,0xfdeaeaea,
0xfdeaeaea,0xfde9e9e9,0xfde7e7e7,0xfde7e7e7,0xfde9e9e9,0xfdeaeaea,0xfdeaeaea,0xfdeaeaea,0xffeaeaea,0xffededed,
0xfff9f9f9,0xf2f0f0f0,0x58e7e7e7,0x00000000,0x03ffffff,0x00000000,0x00000000,0x00000000,0x00000000,0x00000000,
0x00000000,0x00000000,0x01ffffff,0x00000000,0x12e2e2e2,0xf9ebebeb,0xfffafafa,0xfff5f5f5,0xfff6f6f6,0xfff6f6f6,
0xfff6f6f6,0xfff6f6f6,0xfff6f6f6,0xfff6f6f6,0xfff6f6f6,0xfff6f6f6,0xfff6f6f6,0xfff6f6f6,0xfff6f6f6,0xfff6f6f6,
0xfff6f6f6,0xfff6f6f6,0xfff6f6f6,0xfff6f6f6,0xfff6f6f6,0xfff6f6f6,0xfff6f6f6,0xfff5f5f5,0xffeeeeee,0xe4f0f0f0,
0x99f1f1f1,0x26e4e4e4,0x00000000,0x03aaaaaa,0x00000000,0x00000000,0x00000000,0x00000000,0x00000000,0x00000000,
0x00000000,0x00000000,0x00000000,0x00000000,0x04ffffff,0x3deaeaea,0x41efefef,0x41ebebeb,0x41ebebeb,0x41ebebeb,
0x41ebebeb,0x41ebebeb,0x41ebebeb,0x41ebebeb,0x41ebebeb,0x41ebebeb,0x41ebebeb,0x41ebebeb,0x41ebebeb,0x41ebebeb,
0x41ebebeb,0x41ebebeb,0x41ebebeb,0x41ebebeb,0x41ebebeb,0x41ebebeb,0x41ebebeb,0x41ebebeb,0x32efefef,0x0eececec,
0x00000000,0x00000000,0x03ffffff,0x00000000,0x00000000,0x00000000,0x00000000,0x00000000,0x00000000,0x00000000,
0x00000000,0x00000000,0x00000000,0x00000000,0x00000000,0x00000000,0x00000000,0x00000000,0x00000000,0x00000000,
0x00000000,0x00000000,0x00000000,0x00000000,0x00000000,0x00000000,0x00000000,0x00000000,0x00000000,0x00000000,
0x00000000,0x00000000,0x00000000,0x00000000,0x00000000,0x00000000,0x00000000,0x00000000,0x00000000,0x00000000,
0x03ffffff,0x02ffffff,0x00000000,0x00000000,0x00000000,0x00000000,0x00000000,0x00000000,0x00000000,0x00000000,
0x00000000,0x00000000,0x00000000,0x00000000,0x00000000,0x03ffffff,0x03ffffff,0x03ffffff,0x03ffffff,0x03ffffff,
0x03ffffff,0x03ffffff,0x03ffffff,0x03ffffff,0x03ffffff,0x03ffffff,0x03ffffff,0x03ffffff,0x03ffffff,0x03ffffff,
0x03ffffff,0x03ffffff,0x03ffffff,0x03ffffff,0x03ffffff,0x03ffffff,0x03ffffff,0x03ffffff,0x02ffffff,0x01ffffff,
0x00000000,0x00000000,0x00000000,0x00000000,0x00000000,0x00000000,0x00000000,0x00000000,0x00000000,0x00000000,
0x00000000,0x00000000,0x00000000,0x00000000,0x00000000,0x00000000,0x00000000,0x00000000,0x00000000,0x00000000,
0x00000000,0x00000000,0x00000000,0x00000000,0x00000000,0x00000000,0x00000000,0x00000000,0x00000000,0x00000000,
0x00000000,0x00000000,0x00000000,0x00000000,0x00000000,0x00000000,0x00000000,0x00000000,0x00000000,0x00000000,
0x00000000,0x00000000,0x00000000,0x00000000,0x00000000,0x00000000,0x00000000,0x00000000,0x00000000,0x00000000,
0x00000000,0x00000000,0x00000000,0x00000000,0x00000000,0x00000000,0x00000000,0x00000000,0x00000000,0x00000000,
0x00000000,0x00000000,0x00000000,0x00000000,0x00000000,0x00000000,0x00000000,0x00000000,0x00000000,0x00000000,
0x00000000,0x00000000,0x00000000,0x00000000,0x00000000,0x00000000,0x00000000,0x00000000,0x00000000,0x00000000,
0x00000000,0x00000000,0x00000000,0x00000000,0x00000000,0x00000000,0x00000000,0x00000000,0x00000000,0x00000000,
0x00000000,0x00000000,0x00000000,0x00000000,0x00000000,0x00000000,0x00000000,0x00000000,0x00000000,0x00000000,
0x00000000,0x00000000,0x00000000,0x00000000,0x00000000,0x00000000,0x00000000,0x00000000,0x00000000,0x00000000,
0x00000000,0x00000000,0x00000000,0x00000000,0x00000000,0x00000000,0x00000000,0x00000000,0x00000000,0x00000000,
0x00000000,0x00000000,0x00000000,0x00000000,0x00000000,0x00000000,0x00000000,0x00000000,0x00000000,0x00000000,
0x00000000,0x00000000,0x00000000,0x00000000,0x00000000,0x00000000,0x00000000,0x00000000,0x00000000,0x00000000,
0x00000000,0x00000000,0x00000000,0x00000000,0x00000000,0x00000000,0x00000000,0x00000000,0x00000000,0x00000000,
0x00000000,0x00000000,0x00000000,0x00000000,0x00000000,0x00000000,0x00000000,0x00000000,0x00000000,0x00000000,
0x00000000,0x00000000,0x00000000,0x00000000,0x00000000,0x00000000,0x00000000,0x00000000,0x00000000,0x00000000,
0x00000000,0x00000000,0x00000000,0x00000000,0x00000000,0x00000000,0x00000000,0x00000000,0x00000000,0x00000000,
0x00000000,0x00000000,0x00000000,0x00000000,0x00000000,0x00000000,0x00000000,0x00000000,0x00000000,0x00000000,
0x00000000,0x00000000,0x00000000,0x00000000,0x00000000,0x00000000,0x00000000,0x00000000,0x00000000,0x00000000,
0x00000000,0x00000000,0x00000000,0x00000000,0x00000000,0x00000000,0x00000000,0x00000000,0x00000000,0x00000000,
0x00000000,0x00000000,0x00000000,0x00000000,0x00000000,0x00000000,0x00000000,0x00000000,0x00000000,0x00000000,
0x00000000,0x00000000,0x00000000,0x00000000,0x00000000,0x00000000,0x00000000,0x00000000,0x00000000,0x00000000,
0x00000000,0x00000000,0x00000000,0x00000000,0x00000000,0x00000000,0x00000000,0x00000000,0x00000000,0x00000000,
0x00000000,0x00000000,0x00000000,0x00000000,0x00000000,0x00000000,0x00000000,0x00000000,0x00000000,0x00000000,
},
/* Plus source SHA256 7a867d350c98d26548649b62feb1786c30c38a345f15bdb3c8f70413b5100ef7 */
{
0x00000000,0x00000000,0x00000000,0x00000000,0x00000000,0x00000000,0x00000000,0x00000000,0x00000000,0x00000000,
0x00000000,0x00000000,0x00000000,0x00000000,0x00000000,0x00000000,0x00000000,0x00000000,0x00000000,0x00000000,
0x00000000,0x00000000,0x00000000,0x00000000,0x00000000,0x00000000,0x00000000,0x00000000,0x00000000,0x00000000,
0x00000000,0x00000000,0x00000000,0x00000000,0x00000000,0x00000000,0x00000000,0x00000000,0x00000000,0x00000000,
0x00000000,0x00000000,0x00000000,0x00000000,0x00000000,0x00000000,0x00000000,0x00000000,0x00000000,0x00000000,
0x00000000,0x00000000,0x00000000,0x00000000,0x00000000,0x00000000,0x00000000,0x00000000,0x00000000,0x00000000,
0x00000000,0x00000000,0x00000000,0x00000000,0x00000000,0x00000000,0x00000000,0x00000000,0x00000000,0x00000000,
0x00000000,0x00000000,0x00000000,0x00000000,0x00000000,0x00000000,0x00000000,0x00000000,0x00000000,0x00000000,
0x00000000,0x00000000,0x00000000,0x00000000,0x00000000,0x00000000,0x00000000,0x00000000,0x00000000,0x00000000,
0x00000000,0x00000000,0x00000000,0x00000000,0x00000000,0x00000000,0x00000000,0x00000000,0x01ffffff,0x01ffffff,
0x01ffffff,0x01ffffff,0x00000000,0x00000000,0x00000000,0x00000000,0x00000000,0x00000000,0x00000000,0x00000000,
0x00000000,0x00000000,0x00000000,0x00000000,0x00000000,0x00000000,0x00000000,0x00000000,0x00000000,0x00000000,
0x00000000,0x00000000,0x00000000,0x00000000,0x00000000,0x00000000,0x00000000,0x00000000,0x00000000,0x00000000,
0x00000000,0x00000000,0x00000000,0x00000000,0x01ffffff,0x03ffffff,0x04bfbfbf,0x027f7f7f,0x00000000,0x00000000,
0x00000000,0x00000000,0x027f7f7f,0x04bfbfbf,0x03ffffff,0x01ffffff,0x00000000,0x00000000,0x00000000,0x00000000,
0x00000000,0x00000000,0x00000000,0x00000000,0x00000000,0x00000000,0x00000000,0x00000000,0x00000000,0x00000000,
0x00000000,0x00000000,0x00000000,0x00000000,0x00000000,0x00000000,0x00000000,0x00000000,0x00000000,0x00000000,
0x00000000,0x00000000,0x01ffffff,0x03ffffff,0x00000000,0x00000000,0x00000000,0x00000000,0x08dfdfdf,0x0feeeeee,
0x0feeeeee,0x08dfdfdf,0x00000000,0x00000000,0x00000000,0x00000000,0x03ffffff,0x01ffffff,0x00000000,0x00000000,
0x00000000,0x00000000,0x00000000,0x00000000,0x00000000,0x00000000,0x00000000,0x00000000,0x00000000,0x00000000,
0x00000000,0x00000000,0x00000000,0x00000000,0x00000000,0x00000000,0x00000000,0x00000000,0x00000000,0x00000000,
0x00000000,0x03ffffff,0x00000000,0x00000000,0x0debebeb,0x50efefef,0x94ececec,0xc3ebebeb,0xdfeaeaea,0xecebebeb,
0xecebebeb,0xdfeaeaea,0xc3ebebeb,0x93ebebeb,0x50efefef,0x0eececec,0x00000000,0x00000000,0x03ffffff,0x00000000,
0x00000000,0x00000000,0x00000000,0x00000000,0x00000000,0x00000000,0x00000000,0x00000000,0x00000000,0x00000000,
0x00000000,0x00000000,0x00000000,0x00000000,0x00000000,0x00000000,0x00000000,0x00000000,0x00000000,0x01000000,
0x03ffffff,0x00000000,0x14e5e5e5,0x80efefef,0xe0f0f0f0,0xfff6f6f6,0xfffbfbfb,0xfff6f6f6,0xfff2f2f2,0xffefefef,
0xffefefef,0xfff2f2f2,0xfff6f6f6,0xfffbfbfb,0xfff7f7f7,0xe1f0f0f0,0x83efefef,0x15e6e6e6,0x00000000,0x03ffffff,
0x01ffffff,0x00000000,0x00000000,0x00000000,0x00000000,0x00000000,0x00000000,0x00000000,0x00000000,0x00000000,
0x00000000,0x00000000,0x00000000,0x00000000,0x00000000,0x00000000,0x00000000,0x00000000,0x01ffffff,0x01ffffff,
0x00000000,0x5cebebeb,0xe3f1f1f1,0xfffcfcfc,0xfff1f1f1,0xfde9e9e9,0xfbeaeaea,0xfceaeaea,0xfdeaeaea,0xfeeaeaea,
0xfeeaeaea,0xfdeaeaea,0xfceaeaea,0xfbeaeaea,0xfceaeaea,0xfff0f0f0,0xfffcfcfc,0xe4f1f1f1,0x5debebeb,0x00000000,
0x01ffffff,0x01ffffff,0x00000000,0x00000000,0x00000000,0x00000000,0x00000000,0x00000000,0x00000000,0x00000000,
0x00000000,0x00000000,0x00000000,0x00000000,0x00000000,0x00000000,0x00000000,0x01ffffff,0x027f7f7f,0x01000000,
0x92ededed,0xfff9f9f9,0xfff1f1f1,0xfbeaeaea,0xfeeaeaea,0xffebebeb,0xffebebeb,0xffebebeb,0xffebebeb,0xffebebeb,
0xffebebeb,0xffebebeb,0xffebebeb,0xffebebeb,0xffebebeb,0xfeeaeaea,0xfbeaeaea,0xfff0f0f0,0xfffafafa,0x94ededed,
0x01ffffff,0x01ffffff,0x01ffffff,0x00000000,0x00000000,0x00000000,0x00000000,0x00000000,0x00000000,0x00000000,
0x00000000,0x00000000,0x00000000,0x00000000,0x00000000,0x00000000,0x01ffffff,0x03aaaaaa,0x01ffffff,0xa6ececec,
0xfffefefe,0xfbebebeb,0xfdeaeaea,0xffebebeb,0xffebebeb,0xffebebeb,0xffebebeb,0xffebebeb,0xffebebeb,0xffebebeb,
0xffebebeb,0xffebebeb,0xffebebeb,0xffebebeb,0xffebebeb,0xffebebeb,0xffebebeb,0xfdeaeaea,0xfbebebeb,0xffffffff,
0xa7ececec,0x01ffffff,0x03aaaaaa,0x01ffffff,0x00000000,0x00000000,0x00000000,0x00000000,0x00000000,0x00000000,
0x00000000,0x00000000,0x00000000,0x00000000,0x00000000,0x00000000,0x03ffffff,0x00000000,0x94eaeaea,0xffffffff,
0xfaeaeaea,0xffebebeb,0xffebebeb,0xffebebeb,0xffebebeb,0xffebebeb,0xffebebeb,0xffebebeb,0xffe9e9e9,0xffe8e8e8,
0xffe8e8e8,0xffe9e9e9,0xffebebeb,0xffebebeb,0xffebebeb,0xffebebeb,0xffebebeb,0xffebebeb,0xffebebeb,0xfaeaeaea,
0xffffffff,0x94e8e8e8,0x00000000,0x03ffffff,0x00000000,0x00000000,0x00000000,0x00000000,0x00000000,0x00000000,
0x00000000,0x00000000,0x00000000,0x00000000,0x00000000,0x03ffffff,0x00000000,0x59e8e8e8,0xfffafafa,0xfaebebeb,
0xffebebeb,0xffebebeb,0xffebebeb,0xffebebeb,0xffebebeb,0xffebebeb,0xffebebeb,0xffeaeaea,0xfff3f3f3,0xfff8f8f8,
0xfff8f8f8,0xfff3f3f3,0xffeaeaea,0xffebebeb,0xffebebeb,0xffebebeb,0xffebebeb,0xffebebeb,0xffebebeb,0xffebebeb,
0xfaebebeb,0xfffbfbfb,0x59e8e8e8,0x00000000,0x03ffffff,0x00000000,0x00000000,0x00000000,0x00000000,0x00000000,
0x00000000,0x00000000,0x00000000,0x00000000,0x027f7f7f,0x01ffffff,0x13f1f1f1,0xe8ededed,0xfdf1f1f1,0xfdeaeaea,
0xffebebeb,0xffebebeb,0xffebebeb,0xffebebeb,0xffebebeb,0xffebebeb,0xffeaeaea,0xffefefef,0xffbbbbbb,0xffa0a0a0,
0xffa0a0a0,0xffbbbbbb,0xffefefef,0xffeaeaea,0xffebebeb,0xffebebeb,0xffebebeb,0xffebebeb,0xffebebeb,0xffebebeb,
0xfdeaeaea,0xfdf2f2f2,0xe8ececec,0x13e4e4e4,0x01ffffff,0x027f7f7f,0x00000000,0x00000000,0x00000000,0x00000000,
0x00000000,0x00000000,0x00000000,0x00000000,0x04bfbfbf,0x00000000,0x81ebebeb,0xfffdfdfd,0xfbe9e9e9,0xffebebeb,
0xffebebeb,0xffebebeb,0xffebebeb,0xffebebeb,0xffebebeb,0xffebebeb,0xffe9e9e9,0xfff6f6f6,0xff636363,0xff181818,
0xff181818,0xff656565,0xfff6f6f6,0xffe9e9e9,0xffebebeb,0xffebebeb,0xffebebeb,0xffebebeb,0xffebebeb,0xffebebeb,
0xffebebeb,0xfbe9e9e9,0xfffdfdfd,0x80ebebeb,0x00000000,0x04bfbfbf,0x00000000,0x00000000,0x00000000,0x00000000,
0x00000000,0x00000000,0x00000000,0x01ffffff,0x00000000,0x0ce9e9e9,0xe5eaeaea,0xfef0f0f0,0xfdebebeb,0xffebebeb,
0xffebebeb,0xffebebeb,0xffebebeb,0xffebebeb,0xffebebeb,0xffebebeb,0xffe9e9e9,0xfff5f5f5,0xff6d6d6d,0xff272727,
0xff272727,0xff6f6f6f,0xfff5f5f5,0xffe9e9e9,0xffebebeb,0xffebebeb,0xffebebeb,0xffebebeb,0xffebebeb,0xffebebeb,
0xffebebeb,0xfdebebeb,0xfef1f1f1,0xe5e9e9e9,0x0bffffff,0x00000000,0x01ffffff,0x00000000,0x00000000,0x00000000,
0x00000000,0x00000000,0x00000000,0x03ffffff,0x00000000,0x4eebebeb,0xfff7f7f7,0xfde9e9e9,0xffebebeb,0xffebebeb,
0xffebebeb,0xffebebeb,0xffebebeb,0xffebebeb,0xffebebeb,0xffebebeb,0xffe9e9e9,0xfff5f5f5,0xff6b6b6b,0xff242424,
0xff242424,0xff6d6d6d,0xfff5f5f5,0xffe9e9e9,0xffebebeb,0xffebebeb,0xffebebeb,0xffebebeb,0xffebebeb,0xffebebeb,
0xffebebeb,0xffebebeb,0xfde9e9e9,0xfff7f7f7,0x4febebeb,0x00000000,0x03ffffff,0x00000000,0x00000000,0x00000000,
0x00000000,0x00000000,0x00000000,0x04ffffff,0x00000000,0x94eaeaea,0xfefbfbfb,0xfbeaeaea,0xffebebeb,0xffebebeb,
0xffebebeb,0xffebebeb,0xffeaeaea,0xffe9e9e9,0xffe9e9e9,0xffe9e9e9,0xffe7e7e7,0xfff3f3f3,0xff6a6a6a,0xff242424,
0xff242424,0xff6c6c6c,0xfff3f3f3,0xffe7e7e7,0xffe9e9e9,0xffe9e9e9,0xffe9e9e9,0xffeaeaea,0xffebebeb,0xffebebeb,
0xffebebeb,0xffebebeb,0xfbeaeaea,0xfefbfbfb,0x96eaeaea,0x00000000,0x04ffffff,0x00000000,0x00000000,0x00000000,
0x00000000,0x00000000,0x00000000,0x01ffffff,0x00000000,0xc4eaeaea,0xfff6f6f6,0xfcebebeb,0xffebebeb,0xffebebeb,
0xffebebeb,0xffeaeaea,0xffefefef,0xfff6f6f6,0xfff5f5f5,0xfff5f5f5,0xfff3f3f3,0xffffffff,0xff6e6e6e,0xff242424,
0xff242424,0xff707070,0xffffffff,0xfff3f3f3,0xfff5f5f5,0xfff5f5f5,0xfff6f6f6,0xffefefef,0xffeaeaea,0xffebebeb,
0xffebebeb,0xffebebeb,0xfceaeaea,0xfff6f6f6,0xc3eaeaea,0x00000000,0x01ffffff,0x00000000,0x00000000,0x00000000,
0x00000000,0x00000000,0x01ffffff,0x00000000,0x07ffffff,0xdfeaeaea,0xfff2f2f2,0xfdebebeb,0xffebebeb,0xffebebeb,
0xffe9e9e9,0xfff3f3f3,0xffbbbbbb,0xff646464,0xff6d6d6d,0xff6b6b6b,0xff6b6b6b,0xff6f6f6f,0xff414141,0xff2a2a2a,
0xff2a2a2a,0xff424242,0xff6f6f6f,0xff6b6b6b,0xff6b6b6b,0xff6d6d6d,0xff646464,0xffbbbbbb,0xfff3f3f3,0xffe9e9e9,
0xffebebeb,0xffebebeb,0xfdebebeb,0xfff2f2f2,0xdeebebeb,0x07dadada,0x00000000,0x01ffffff,0x00000000,0x00000000,
0x00000000,0x00000000,0x01ffffff,0x00000000,0x10dfdfdf,0xedeaeaea,0xffefefef,0xfeeaeaea,0xffebebeb,0xffebebeb,
0xffe8e8e8,0xfff8f8f8,0xffa0a0a0,0xff191919,0xff272727,0xff242424,0xff242424,0xff242424,0xff2a2a2a,0xff2d2d2d,
0xff2d2d2d,0xff2a2a2a,0xff242424,0xff242424,0xff242424,0xff262626,0xff191919,0xffa1a1a1,0xfff8f8f8,0xffe8e8e8,
0xffebebeb,0xffebebeb,0xfeeaeaea,0xffefefef,0xecebebeb,0x0feeeeee,0x00000000,0x01ffffff,0x00000000,0x00000000,
0x00000000,0x00000000,0x01ffffff,0x00000000,0x10dfdfdf,0xedeaeaea,0xffefefef,0xfeeaeaea,0xffebebeb,0xffebebeb,
0xffe8e8e8,0xfff8f8f8,0xffa0a0a0,0xff191919,0xff272727,0xff242424,0xff242424,0xff242424,0xff2a2a2a,0xff2d2d2d,
0xff2d2d2d,0xff2a2a2a,0xff242424,0xff242424,0xff242424,0xff262626,0xff191919,0xffa1a1a1,0xfff8f8f8,0xffe8e8e8,
0xffebebeb,0xffebebeb,0xfeeaeaea,0xffefefef,0xecebebeb,0x0feeeeee,0x00000000,0x01ffffff,0x00000000,0x00000000,
0x00000000,0x00000000,0x01ffffff,0x00000000,0x07ffffff,0xdfeaeaea,0xfff2f2f2,0xfdebebeb,0xffebebeb,0xffebebeb,
0xffe9e9e9,0xfff3f3f3,0xffbbbbbb,0xff656565,0xff6f6f6f,0xff6d6d6d,0xff6c6c6c,0xff707070,0xff424242,0xff2a2a2a,
0xff2a2a2a,0xff424242,0xff707070,0xff6c6c6c,0xff6d6d6d,0xff6e6e6e,0xff656565,0xffbcbcbc,0xfff3f3f3,0xffe9e9e9,
0xffebebeb,0xffebebeb,0xfdeaeaea,0xfff2f2f2,0xdeebebeb,0x07dadada,0x00000000,0x01ffffff,0x00000000,0x00000000,
0x00000000,0x00000000,0x00000000,0x01ffffff,0x00000000,0xc3ebebeb,0xfff6f6f6,0xfcebebeb,0xffebebeb,0xffebebeb,
0xffebebeb,0xffeaeaea,0xffefefef,0xfff6f6f6,0xfff5f5f5,0xfff5f5f5,0xfff3f3f3,0xffffffff,0xff6e6e6e,0xff242424,
0xff242424,0xff707070,0xffffffff,0xfff3f3f3,0xfff5f5f5,0xfff5f5f5,0xfff6f6f6,0xffefefef,0xffeaeaea,0xffebebeb,
0xffebebeb,0xffebebeb,0xfceaeaea,0xfff6f6f6,0xc3eaeaea,0x00000000,0x01ffffff,0x00000000,0x00000000,0x00000000,
0x00000000,0x00000000,0x00000000,0x04ffffff,0x00000000,0x94eaeaea,0xfefbfbfb,0xfbeaeaea,0xffebebeb,0xffebebeb,
0xffebebeb,0xffebebeb,0xffeaeaea,0xffe9e9e9,0xffe9e9e9,0xffe9e9e9,0xffe7e7e7,0xfff3f3f3,0xff6a6a6a,0xff242424,
0xff242424,0xff6c6c6c,0xfff3f3f3,0xffe7e7e7,0xffe9e9e9,0xffe9e9e9,0xffe9e9e9,0xffeaeaea,0xffebebeb,0xffebebeb,
0xffebebeb,0xffebebeb,0xfbeaeaea,0xfefbfbfb,0x95ececec,0x00000000,0x04ffffff,0x00000000,0x00000000,0x00000000,
0x00000000,0x00000000,0x00000000,0x03ffffff,0x00000000,0x4eebebeb,0xfff7f7f7,0xfde9e9e9,0xffebebeb,0xffebebeb,
0xffebebeb,0xffebebeb,0xffebebeb,0xffebebeb,0xffebebeb,0xffebebeb,0xffe9e9e9,0xfff5f5f5,0xff6b6b6b,0xff242424,
0xff242424,0xff6d6d6d,0xfff5f5f5,0xffe9e9e9,0xffebebeb,0xffebebeb,0xffebebeb,0xffebebeb,0xffebebeb,0xffebebeb,
0xffebebeb,0xffebebeb,0xfde9e9e9,0xfff7f7f7,0x4eebebeb,0x00000000,0x03ffffff,0x00000000,0x00000000,0x00000000,
0x00000000,0x00000000,0x00000000,0x01ffffff,0x00000000,0x0ce9e9e9,0xe5eaeaea,0xfef0f0f0,0xfdebebeb,0xffebebeb,
0xffebebeb,0xffebebeb,0xffebebeb,0xffebebeb,0xffebebeb,0xffebebeb,0xffe9e9e9,0xfff5f5f5,0xff6d6d6d,0xff272727,
0xff272727,0xff6f6f6f,0xfff5f5f5,0xffe9e9e9,0xffebebeb,0xffebebeb,0xffebebeb,0xffebebeb,0xffebebeb,0xffebebeb,
0xffebebeb,0xfdebebeb,0xfef1f1f1,0xe5e9e9e9,0x0ce9e9e9,0x00000000,0x01ffffff,0x00000000,0x00000000,0x00000000,
0x00000000,0x00000000,0x00000000,0x00000000,0x04bfbfbf,0x00000000,0x80ebebeb,0xfffcfcfc,0xfbe9e9e9,0xffebebeb,
0xffebebeb,0xffebebeb,0xffebebeb,0xffebebeb,0xffebebeb,0xffebebeb,0xffe9e9e9,0xfff6f6f6,0xff636363,0xff181818,
0xff181818,0xff666666,0xfff6f6f6,0xffe9e9e9,0xffebebeb,0xffebebeb,0xffebebeb,0xffebebeb,0xffebebeb,0xffebebeb,
0xffebebeb,0xfbe9e9e9,0xfffdfdfd,0x7fececec,0x00000000,0x04bfbfbf,0x00000000,0x00000000,0x00000000,0x00000000,
0x00000000,0x00000000,0x00000000,0x00000000,0x027f7f7f,0x01ffffff,0x13e4e4e4,0xe8ececec,0xfef0f0f0,0xfdeaeaea,
0xffebebeb,0xffebebeb,0xffebebeb,0xffebebeb,0xffebebeb,0xffebebeb,0xffeaeaea,0xffefefef,0xffbcbcbc,0xffa1a1a1,
0xffa1a1a1,0xffbcbcbc,0xffefefef,0xffeaeaea,0xffebebeb,0xffebebeb,0xffebebeb,0xffebebeb,0xffebebeb,0xffebebeb,
0xfdeaeaea,0xfef1f1f1,0xe7ededed,0x13e4e4e4,0x01ffffff,0x027f7f7f,0x00000000,0x00000000,0x00000000,0x00000000,
0x00000000,0x00000000,0x00000000,0x00000000,0x00000000,0x03ffffff,0x00000000,0x58eaeaea,0xfffafafa,0xfaebebeb,
0xffebebeb,0xffebebeb,0xffebebeb,0xffebebeb,0xffebebeb,0xffebebeb,0xffebebeb,0xffeaeaea,0xfff3f3f3,0xfff8f8f8,
0xfff8f8f8,0xfff3f3f3,0xffeaeaea,0xffebebeb,0xffebebeb,0xffebebeb,0xffebebeb,0xffebebeb,0xffebebeb,0xffebebeb,
0xfaebebeb,0xfffafafa,0x58eaeaea,0x00000000,0x03ffffff,0x00000000,0x00000000,0x00000000,0x00000000,0x00000000,
0x00000000,0x00000000,0x00000000,0x00000000,0x00000000,0x00000000,0x03ffffff,0x00000000,0x93eaeaea,0xffffffff,
0xfaeaeaea,0xffebebeb,0xffebebeb,0xffebebeb,0xffebebeb,0xffebebeb,0xffebebeb,0xffebebeb,0xffe9e9e9,0xffe8e8e8,
0xffe8e8e8,0xffe9e9e9,0xffebebeb,0xffebebeb,0xffebebeb,0xffebebeb,0xffebebeb,0xffebebeb,0xffebebeb,0xfaeaeaea,
0xffffffff,0x93eaeaea,0x00000000,0x03ffffff,0x00000000,0x00000000,0x00000000,0x00000000,0x00000000,0x00000000,
0x00000000,0x00000000,0x00000000,0x00000000,0x00000000,0x00000000,0x01ffffff,0x03ffffff,0x01ffffff,0xa6ebebeb,
0xffffffff,0xfbebebeb,0xfdeaeaea,0xffebebeb,0xffebebeb,0xffebebeb,0xffebebeb,0xffebebeb,0xffebebeb,0xffebebeb,
0xffebebeb,0xffebebeb,0xffebebeb,0xffebebeb,0xffebebeb,0xffebebeb,0xffebebeb,0xfdeaeaea,0xfbebebeb,0xffffffff,
0xa6ececec,0x01ffffff,0x03ffffff,0x01ffffff,0x00000000,0x00000000,0x00000000,0x00000000,0x00000000,0x00000000,
0x00000000,0x00000000,0x00000000,0x00000000,0x00000000,0x00000000,0x00000000,0x01ffffff,0x027f7f7f,0x00000000,
0x92ededed,0xfff9f9f9,0xfff1f1f1,0xfbeaeaea,0xfdebebeb,0xffebebeb,0xffebebeb,0xffebebeb,0xffebebeb,0xffebebeb,
0xffebebeb,0xffebebeb,0xffebebeb,0xffebebeb,0xffebebeb,0xfeeaeaea,0xfbeaeaea,0xfff0f0f0,0xfff9f9f9,0x92efefef,
0x01ffffff,0x027f7f7f,0x01ffffff,0x00000000,0x00000000,0x00000000,0x00000000,0x00000000,0x00000000,0x00000000,
0x00000000,0x00000000,0x00000000,0x00000000,0x00000000,0x00000000,0x00000000,0x00000000,0x01ffffff,0x02ffffff,
0x00000000,0x5bebebeb,0xe2f1f1f1,0xfffcfcfc,0xfff1f1f1,0xfde9e9e9,0xfbeaeaea,0xfceaeaea,0xfdeaeaea,0xfeeaeaea,
0xfeeaeaea,0xfdeaeaea,0xfceaeaea,0xfbeaeaea,0xfceaeaea,0xfff0f0f0,0xfffcfcfc,0xe4f1f1f1,0x5cebebeb,0x00000000,
0x01ffffff,0x01ffffff,0x00000000,0x00000000,0x00000000,0x00000000,0x00000000,0x00000000,0x00000000,0x00000000,
0x00000000,0x00000000,0x00000000,0x00000000,0x00000000,0x00000000,0x00000000,0x00000000,0x00000000,0x00000000,
0x03ffffff,0x00000000,0x14e5e5e5,0x7feeeeee,0xe0f0f0f0,0xfff6f6f6,0xfffbfbfb,0xfff7f7f7,0xfff2f2f2,0xffefefef,
0xffefefef,0xfff2f2f2,0xfff7f7f7,0xfffbfbfb,0xfff7f7f7,0xe1efefef,0x81f1f1f1,0x15dadada,0x00000000,0x03ffffff,
0x01000000,0x00000000,0x00000000,0x00000000,0x00000000,0x00000000,0x00000000,0x00000000,0x00000000,0x00000000,
0x00000000,0x00000000,0x00000000,0x00000000,0x00000000,0x00000000,0x00000000,0x00000000,0x00000000,0x00000000,
0x00000000,0x03ffffff,0x00000000,0x00000000,0x0ce9e9e9,0x50ebebeb,0x95ededed,0xc3ebebeb,0xdeebebeb,0xecebebeb,
0xecebebeb,0xdeebebeb,0xc3ebebeb,0x95ececec,0x51efefef,0x0debebeb,0x00000000,0x00000000,0x03ffffff,0x00000000,
0x00000000,0x00000000,0x00000000,0x00000000,0x00000000,0x00000000,0x00000000,0x00000000,0x00000000,0x00000000,
0x00000000,0x00000000,0x00000000,0x00000000,0x00000000,0x00000000,0x00000000,0x00000000,0x00000000,0x00000000,
0x00000000,0x00000000,0x01ffffff,0x03ffffff,0x00000000,0x00000000,0x00000000,0x00000000,0x07ffffff,0x0feeeeee,
0x0feeeeee,0x07ffffff,0x00000000,0x00000000,0x00000000,0x00000000,0x03ffffff,0x01ffffff,0x00000000,0x00000000,
0x00000000,0x00000000,0x00000000,0x00000000,0x00000000,0x00000000,0x00000000,0x00000000,0x00000000,0x00000000,
0x00000000,0x00000000,0x00000000,0x00000000,0x00000000,0x00000000,0x00000000,0x00000000,0x00000000,0x00000000,
0x00000000,0x00000000,0x00000000,0x00000000,0x01ffffff,0x03ffffff,0x04bfbfbf,0x027f7f7f,0x00000000,0x00000000,
0x00000000,0x00000000,0x027f7f7f,0x04bfbfbf,0x03ffffff,0x01ffffff,0x00000000,0x00000000,0x00000000,0x00000000,
0x00000000,0x00000000,0x00000000,0x00000000,0x00000000,0x00000000,0x00000000,0x00000000,0x00000000,0x00000000,
0x00000000,0x00000000,0x00000000,0x00000000,0x00000000,0x00000000,0x00000000,0x00000000,0x00000000,0x00000000,
0x00000000,0x00000000,0x00000000,0x00000000,0x00000000,0x00000000,0x00000000,0x00000000,0x01ffffff,0x01ffffff,
0x01ffffff,0x01ffffff,0x00000000,0x00000000,0x00000000,0x00000000,0x00000000,0x00000000,0x00000000,0x00000000,
0x00000000,0x00000000,0x00000000,0x00000000,0x00000000,0x00000000,0x00000000,0x00000000,0x00000000,0x00000000,
0x00000000,0x00000000,0x00000000,0x00000000,0x00000000,0x00000000,0x00000000,0x00000000,0x00000000,0x00000000,
0x00000000,0x00000000,0x00000000,0x00000000,0x00000000,0x00000000,0x00000000,0x00000000,0x00000000,0x00000000,
0x00000000,0x00000000,0x00000000,0x00000000,0x00000000,0x00000000,0x00000000,0x00000000,0x00000000,0x00000000,
0x00000000,0x00000000,0x00000000,0x00000000,0x00000000,0x00000000,0x00000000,0x00000000,0x00000000,0x00000000,
0x00000000,0x00000000,0x00000000,0x00000000,0x00000000,0x00000000,0x00000000,0x00000000,0x00000000,0x00000000,
0x00000000,0x00000000,0x00000000,0x00000000,0x00000000,0x00000000,0x00000000,0x00000000,0x00000000,0x00000000,
0x00000000,0x00000000,0x00000000,0x00000000,0x00000000,0x00000000,0x00000000,0x00000000,0x00000000,0x00000000,
0x00000000,0x00000000,0x00000000,0x00000000,0x00000000,0x00000000,0x00000000,0x00000000,0x00000000,0x00000000,
},
/* Minus source SHA256 74ab5cca59378355c4a1af4d9058ea1b4c4eb447e5da45e3297a59ca20ab866e */
{
0x00000000,0x00000000,0x00000000,0x00000000,0x00000000,0x00000000,0x00000000,0x00000000,0x00000000,0x00000000,
0x00000000,0x00000000,0x00000000,0x00000000,0x00000000,0x00000000,0x00000000,0x00000000,0x00000000,0x00000000,
0x00000000,0x00000000,0x00000000,0x00000000,0x00000000,0x00000000,0x00000000,0x00000000,0x00000000,0x00000000,
0x00000000,0x00000000,0x00000000,0x00000000,0x00000000,0x00000000,0x00000000,0x00000000,0x00000000,0x00000000,
0x00000000,0x00000000,0x00000000,0x00000000,0x00000000,0x00000000,0x00000000,0x00000000,0x00000000,0x00000000,
0x00000000,0x00000000,0x00000000,0x00000000,0x00000000,0x00000000,0x00000000,0x00000000,0x00000000,0x00000000,
0x00000000,0x00000000,0x00000000,0x00000000,0x00000000,0x00000000,0x00000000,0x00000000,0x00000000,0x00000000,
0x00000000,0x00000000,0x00000000,0x00000000,0x00000000,0x00000000,0x00000000,0x00000000,0x00000000,0x00000000,
0x00000000,0x00000000,0x00000000,0x00000000,0x00000000,0x00000000,0x00000000,0x00000000,0x00000000,0x00000000,
0x00000000,0x00000000,0x00000000,0x00000000,0x00000000,0x00000000,0x00000000,0x00000000,0x01ffffff,0x01ffffff,
0x01ffffff,0x01ffffff,0x00000000,0x00000000,0x00000000,0x00000000,0x00000000,0x00000000,0x00000000,0x00000000,
0x00000000,0x00000000,0x00000000,0x00000000,0x00000000,0x00000000,0x00000000,0x00000000,0x00000000,0x00000000,
0x00000000,0x00000000,0x00000000,0x00000000,0x00000000,0x00000000,0x00000000,0x00000000,0x00000000,0x00000000,
0x00000000,0x00000000,0x00000000,0x00000000,0x01ffffff,0x03ffffff,0x04bfbfbf,0x027f7f7f,0x00000000,0x00000000,
0x00000000,0x00000000,0x027f7f7f,0x04bfbfbf,0x03ffffff,0x01ffffff,0x00000000,0x00000000,0x00000000,0x00000000,
0x00000000,0x00000000,0x00000000,0x00000000,0x00000000,0x00000000,0x00000000,0x00000000,0x00000000,0x00000000,
0x00000000,0x00000000,0x00000000,0x00000000,0x00000000,0x00000000,0x00000000,0x00000000,0x00000000,0x00000000,
0x00000000,0x00000000,0x01ffffff,0x03ffffff,0x00000000,0x00000000,0x00000000,0x00000000,0x08dfdfdf,0x0feeeeee,
0x0feeeeee,0x08dfdfdf,0x00000000,0x00000000,0x00000000,0x00000000,0x03ffffff,0x01ffffff,0x00000000,0x00000000,
0x00000000,0x00000000,0x00000000,0x00000000,0x00000000,0x00000000,0x00000000,0x00000000,0x00000000,0x00000000,
0x00000000,0x00000000,0x00000000,0x00000000,0x00000000,0x00000000,0x00000000,0x00000000,0x00000000,0x00000000,
0x00000000,0x03ffffff,0x00000000,0x00000000,0x0debebeb,0x50efefef,0x94ececec,0xc3ebebeb,0xdfeaeaea,0xecebebeb,
0xecebebeb,0xdfeaeaea,0xc3ebebeb,0x93ebebeb,0x50efefef,0x0eececec,0x00000000,0x00000000,0x03ffffff,0x00000000,
0x00000000,0x00000000,0x00000000,0x00000000,0x00000000,0x00000000,0x00000000,0x00000000,0x00000000,0x00000000,
0x00000000,0x00000000,0x00000000,0x00000000,0x00000000,0x00000000,0x00000000,0x00000000,0x00000000,0x01000000,
0x03ffffff,0x00000000,0x14e5e5e5,0x80efefef,0xe0f0f0f0,0xfff6f6f6,0xfffbfbfb,0xfff6f6f6,0xfff2f2f2,0xffefefef,
0xffefefef,0xfff2f2f2,0xfff6f6f6,0xfffbfbfb,0xfff7f7f7,0xe1f0f0f0,0x83efefef,0x15e6e6e6,0x00000000,0x03ffffff,
0x01ffffff,0x00000000,0x00000000,0x00000000,0x00000000,0x00000000,0x00000000,0x00000000,0x00000000,0x00000000,
0x00000000,0x00000000,0x00000000,0x00000000,0x00000000,0x00000000,0x00000000,0x00000000,0x01ffffff,0x01ffffff,
0x00000000,0x5cebebeb,0xe3f1f1f1,0xfffcfcfc,0xfff1f1f1,0xfde9e9e9,0xfbeaeaea,0xfceaeaea,0xfdeaeaea,0xfeeaeaea,
0xfeeaeaea,0xfdeaeaea,0xfceaeaea,0xfbeaeaea,0xfceaeaea,0xfff0f0f0,0xfffcfcfc,0xe4f1f1f1,0x5debebeb,0x00000000,
0x01ffffff,0x01ffffff,0x00000000,0x00000000,0x00000000,0x00000000,0x00000000,0x00000000,0x00000000,0x00000000,
0x00000000,0x00000000,0x00000000,0x00000000,0x00000000,0x00000000,0x00000000,0x01ffffff,0x027f7f7f,0x01000000,
0x92ededed,0xfff9f9f9,0xfff1f1f1,0xfbeaeaea,0xfeeaeaea,0xffebebeb,0xffebebeb,0xffebebeb,0xffebebeb,0xffebebeb,
0xffebebeb,0xffebebeb,0xffebebeb,0xffebebeb,0xffebebeb,0xfeeaeaea,0xfbeaeaea,0xfff0f0f0,0xfffafafa,0x94ededed,
0x01ffffff,0x01ffffff,0x01ffffff,0x00000000,0x00000000,0x00000000,0x00000000,0x00000000,0x00000000,0x00000000,
0x00000000,0x00000000,0x00000000,0x00000000,0x00000000,0x00000000,0x01ffffff,0x03aaaaaa,0x01ffffff,0xa6ececec,
0xfffefefe,0xfbebebeb,0xfdeaeaea,0xffebebeb,0xffebebeb,0xffebebeb,0xffebebeb,0xffebebeb,0xffebebeb,0xffebebeb,
0xffebebeb,0xffebebeb,0xffebebeb,0xffebebeb,0xffebebeb,0xffebebeb,0xffebebeb,0xfdeaeaea,0xfbebebeb,0xffffffff,
0xa7ececec,0x01ffffff,0x03aaaaaa,0x01ffffff,0x00000000,0x00000000,0x00000000,0x00000000,0x00000000,0x00000000,
0x00000000,0x00000000,0x00000000,0x00000000,0x00000000,0x00000000,0x03ffffff,0x00000000,0x94eaeaea,0xffffffff,
0xfaeaeaea,0xffebebeb,0xffebebeb,0xffebebeb,0xffebebeb,0xffebebeb,0xffebebeb,0xffebebeb,0xffebebeb,0xffebebeb,
0xffebebeb,0xffebebeb,0xffebebeb,0xffebebeb,0xffebebeb,0xffebebeb,0xffebebeb,0xffebebeb,0xffebebeb,0xfaeaeaea,
0xffffffff,0x94e8e8e8,0x00000000,0x03ffffff,0x00000000,0x00000000,0x00000000,0x00000000,0x00000000,0x00000000,
0x00000000,0x00000000,0x00000000,0x00000000,0x00000000,0x03ffffff,0x00000000,0x59e8e8e8,0xfffafafa,0xfaebebeb,
0xffebebeb,0xffebebeb,0xffebebeb,0xffebebeb,0xffebebeb,0xffebebeb,0xffebebeb,0xffebebeb,0xffebebeb,0xffebebeb,
0xffebebeb,0xffebebeb,0xffebebeb,0xffebebeb,0xffebebeb,0xffebebeb,0xffebebeb,0xffebebeb,0xffebebeb,0xffebebeb,
0xfaebebeb,0xfffbfbfb,0x59e8e8e8,0x00000000,0x03ffffff,0x00000000,0x00000000,0x00000000,0x00000000,0x00000000,
0x00000000,0x00000000,0x00000000,0x00000000,0x027f7f7f,0x01ffffff,0x13f1f1f1,0xe8ededed,0xfdf1f1f1,0xfdeaeaea,
0xffebebeb,0xffebebeb,0xffebebeb,0xffebebeb,0xffebebeb,0xffebebeb,0xffebebeb,0xffebebeb,0xffebebeb,0xffebebeb,
0xffebebeb,0xffebebeb,0xffebebeb,0xffebebeb,0xffebebeb,0xffebebeb,0xffebebeb,0xffebebeb,0xffebebeb,0xffebebeb,
0xfdeaeaea,0xfdf2f2f2,0xe8ececec,0x13e4e4e4,0x01ffffff,0x027f7f7f,0x00000000,0x00000000,0x00000000,0x00000000,
0x00000000,0x00000000,0x00000000,0x00000000,0x04bfbfbf,0x00000000,0x81ebebeb,0xfffdfdfd,0xfbe9e9e9,0xffebebeb,
0xffebebeb,0xffebebeb,0xffebebeb,0xffebebeb,0xffebebeb,0xffebebeb,0xffebebeb,0xffebebeb,0xffebebeb,0xffebebeb,
0xffebebeb,0xffebebeb,0xffebebeb,0xffebebeb,0xffebebeb,0xffebebeb,0xffebebeb,0xffebebeb,0xffebebeb,0xffebebeb,
0xffebebeb,0xfbe9e9e9,0xfffdfdfd,0x80ebebeb,0x00000000,0x04bfbfbf,0x00000000,0x00000000,0x00000000,0x00000000,
0x00000000,0x00000000,0x00000000,0x01ffffff,0x00000000,0x0ce9e9e9,0xe5eaeaea,0xfef0f0f0,0xfdebebeb,0xffebebeb,
0xffebebeb,0xffebebeb,0xffebebeb,0xffebebeb,0xffebebeb,0xffebebeb,0xffebebeb,0xffebebeb,0xffebebeb,0xffebebeb,
0xffebebeb,0xffebebeb,0xffebebeb,0xffebebeb,0xffebebeb,0xffebebeb,0xffebebeb,0xffebebeb,0xffebebeb,0xffebebeb,
0xffebebeb,0xfdebebeb,0xfef1f1f1,0xe5e9e9e9,0x0bffffff,0x00000000,0x01ffffff,0x00000000,0x00000000,0x00000000,
0x00000000,0x00000000,0x00000000,0x03ffffff,0x00000000,0x4eebebeb,0xfff7f7f7,0xfde9e9e9,0xffebebeb,0xffebebeb,
0xffebebeb,0xffebebeb,0xffebebeb,0xffebebeb,0xffebebeb,0xffebebeb,0xffebebeb,0xffebebeb,0xffebebeb,0xffebebeb,
0xffebebeb,0xffebebeb,0xffebebeb,0xffebebeb,0xffebebeb,0xffebebeb,0xffebebeb,0xffebebeb,0xffebebeb,0xffebebeb,
0xffebebeb,0xffebebeb,0xfde9e9e9,0xfff7f7f7,0x4febebeb,0x00000000,0x03ffffff,0x00000000,0x00000000,0x00000000,
0x00000000,0x00000000,0x00000000,0x04ffffff,0x00000000,0x94eaeaea,0xfefbfbfb,0xfbeaeaea,0xffebebeb,0xffebebeb,
0xffebebeb,0xffebebeb,0xffeaeaea,0xffe9e9e9,0xffe9e9e9,0xffe9e9e9,0xffe9e9e9,0xffe9e9e9,0xffe9e9e9,0xffe9e9e9,
0xffe9e9e9,0xffe9e9e9,0xffe9e9e9,0xffe9e9e9,0xffe9e9e9,0xffe9e9e9,0xffe9e9e9,0xffeaeaea,0xffebebeb,0xffebebeb,
0xffebebeb,0xffebebeb,0xfbeaeaea,0xfefbfbfb,0x96eaeaea,0x00000000,0x04ffffff,0x00000000,0x00000000,0x00000000,
0x00000000,0x00000000,0x00000000,0x01ffffff,0x00000000,0xc4eaeaea,0xfff6f6f6,0xfcebebeb,0xffebebeb,0xffebebeb,
0xffebebeb,0xffeaeaea,0xffefefef,0xfff6f6f6,0xfff5f5f5,0xfff5f5f5,0xfff5f5f5,0xfff5f5f5,0xfff5f5f5,0xfff5f5f5,
0xfff5f5f5,0xfff5f5f5,0xfff5f5f5,0xfff5f5f5,0xfff5f5f5,0xfff5f5f5,0xfff6f6f6,0xffefefef,0xffeaeaea,0xffebebeb,
0xffebebeb,0xffebebeb,0xfceaeaea,0xfff6f6f6,0xc3eaeaea,0x00000000,0x01ffffff,0x00000000,0x00000000,0x00000000,
0x00000000,0x00000000,0x01ffffff,0x00000000,0x07ffffff,0xdfeaeaea,0xfff2f2f2,0xfdebebeb,0xffebebeb,0xffebebeb,
0xffe9e9e9,0xfff3f3f3,0xffbbbbbb,0xff646464,0xff6d6d6d,0xff6b6b6b,0xff6b6b6b,0xff6b6b6b,0xff6b6b6b,0xff6b6b6b,
0xff6b6b6b,0xff6b6b6b,0xff6b6b6b,0xff6b6b6b,0xff6b6b6b,0xff6d6d6d,0xff646464,0xffbbbbbb,0xfff3f3f3,0xffe9e9e9,
0xffebebeb,0xffebebeb,0xfdebebeb,0xfff2f2f2,0xdeebebeb,0x07dadada,0x00000000,0x01ffffff,0x00000000,0x00000000,
0x00000000,0x00000000,0x01ffffff,0x00000000,0x10dfdfdf,0xedeaeaea,0xffefefef,0xfeeaeaea,0xffebebeb,0xffebebeb,
0xffe8e8e8,0xfff8f8f8,0xffa0a0a0,0xff191919,0xff272727,0xff242424,0xff242424,0xff242424,0xff242424,0xff242424,
0xff242424,0xff242424,0xff242424,0xff242424,0xff242424,0xff262626,0xff191919,0xffa1a1a1,0xfff8f8f8,0xffe8e8e8,
0xffebebeb,0xffebebeb,0xfeeaeaea,0xffefefef,0xecebebeb,0x0feeeeee,0x00000000,0x01ffffff,0x00000000,0x00000000,
0x00000000,0x00000000,0x01ffffff,0x00000000,0x10dfdfdf,0xedeaeaea,0xffefefef,0xfeeaeaea,0xffebebeb,0xffebebeb,
0xffe8e8e8,0xfff8f8f8,0xffa0a0a0,0xff191919,0xff272727,0xff242424,0xff242424,0xff242424,0xff242424,0xff242424,
0xff242424,0xff242424,0xff242424,0xff242424,0xff242424,0xff262626,0xff191919,0xffa1a1a1,0xfff8f8f8,0xffe8e8e8,
0xffebebeb,0xffebebeb,0xfeeaeaea,0xffefefef,0xecebebeb,0x0feeeeee,0x00000000,0x01ffffff,0x00000000,0x00000000,
0x00000000,0x00000000,0x01ffffff,0x00000000,0x07ffffff,0xdfeaeaea,0xfff2f2f2,0xfdebebeb,0xffebebeb,0xffebebeb,
0xffe9e9e9,0xfff3f3f3,0xffbbbbbb,0xff656565,0xff6f6f6f,0xff6d6d6d,0xff6d6d6d,0xff6d6d6d,0xff6d6d6d,0xff6d6d6d,
0xff6d6d6d,0xff6d6d6d,0xff6d6d6d,0xff6d6d6d,0xff6d6d6d,0xff6e6e6e,0xff656565,0xffbcbcbc,0xfff3f3f3,0xffe9e9e9,
0xffebebeb,0xffebebeb,0xfdeaeaea,0xfff2f2f2,0xdeebebeb,0x07dadada,0x00000000,0x01ffffff,0x00000000,0x00000000,
0x00000000,0x00000000,0x00000000,0x01ffffff,0x00000000,0xc3ebebeb,0xfff6f6f6,0xfcebebeb,0xffebebeb,0xffebebeb,
0xffebebeb,0xffeaeaea,0xffefefef,0xfff6f6f6,0xfff5f5f5,0xfff5f5f5,0xfff5f5f5,0xfff5f5f5,0xfff5f5f5,0xfff5f5f5,
0xfff5f5f5,0xfff5f5f5,0xfff5f5f5,0xfff5f5f5,0xfff5f5f5,0xfff5f5f5,0xfff6f6f6,0xffefefef,0xffeaeaea,0xffebebeb,
0xffebebeb,0xffebebeb,0xfceaeaea,0xfff6f6f6,0xc3eaeaea,0x00000000,0x01ffffff,0x00000000,0x00000000,0x00000000,
0x00000000,0x00000000,0x00000000,0x04ffffff,0x00000000,0x94eaeaea,0xfefbfbfb,0xfbeaeaea,0xffebebeb,0xffebebeb,
0xffebebeb,0xffebebeb,0xffeaeaea,0xffe9e9e9,0xffe9e9e9,0xffe9e9e9,0xffe9e9e9,0xffe9e9e9,0xffe9e9e9,0xffe9e9e9,
0xffe9e9e9,0xffe9e9e9,0xffe9e9e9,0xffe9e9e9,0xffe9e9e9,0xffe9e9e9,0xffe9e9e9,0xffeaeaea,0xffebebeb,0xffebebeb,
0xffebebeb,0xffebebeb,0xfbeaeaea,0xfefbfbfb,0x95ececec,0x00000000,0x04ffffff,0x00000000,0x00000000,0x00000000,
0x00000000,0x00000000,0x00000000,0x03ffffff,0x00000000,0x4eebebeb,0xfff7f7f7,0xfde9e9e9,0xffebebeb,0xffebebeb,
0xffebebeb,0xffebebeb,0xffebebeb,0xffebebeb,0xffebebeb,0xffebebeb,0xffebebeb,0xffebebeb,0xffebebeb,0xffebebeb,
0xffebebeb,0xffebebeb,0xffebebeb,0xffebebeb,0xffebebeb,0xffebebeb,0xffebebeb,0xffebebeb,0xffebebeb,0xffebebeb,
0xffebebeb,0xffebebeb,0xfde9e9e9,0xfff7f7f7,0x4eebebeb,0x00000000,0x03ffffff,0x00000000,0x00000000,0x00000000,
0x00000000,0x00000000,0x00000000,0x01ffffff,0x00000000,0x0ce9e9e9,0xe5eaeaea,0xfef0f0f0,0xfdebebeb,0xffebebeb,
0xffebebeb,0xffebebeb,0xffebebeb,0xffebebeb,0xffebebeb,0xffebebeb,0xffebebeb,0xffebebeb,0xffebebeb,0xffebebeb,
0xffebebeb,0xffebebeb,0xffebebeb,0xffebebeb,0xffebebeb,0xffebebeb,0xffebebeb,0xffebebeb,0xffebebeb,0xffebebeb,
0xffebebeb,0xfdebebeb,0xfef1f1f1,0xe5e9e9e9,0x0ce9e9e9,0x00000000,0x01ffffff,0x00000000,0x00000000,0x00000000,
0x00000000,0x00000000,0x00000000,0x00000000,0x04bfbfbf,0x00000000,0x80ebebeb,0xfffcfcfc,0xfbe9e9e9,0xffebebeb,
0xffebebeb,0xffebebeb,0xffebebeb,0xffebebeb,0xffebebeb,0xffebebeb,0xffebebeb,0xffebebeb,0xffebebeb,0xffebebeb,
0xffebebeb,0xffebebeb,0xffebebeb,0xffebebeb,0xffebebeb,0xffebebeb,0xffebebeb,0xffebebeb,0xffebebeb,0xffebebeb,
0xffebebeb,0xfbe9e9e9,0xfffdfdfd,0x7fececec,0x00000000,0x04bfbfbf,0x00000000,0x00000000,0x00000000,0x00000000,
0x00000000,0x00000000,0x00000000,0x00000000,0x027f7f7f,0x01ffffff,0x13e4e4e4,0xe8ececec,0xfef0f0f0,0xfdeaeaea,
0xffebebeb,0xffebebeb,0xffebebeb,0xffebebeb,0xffebebeb,0xffebebeb,0xffebebeb,0xffebebeb,0xffebebeb,0xffebebeb,
0xffebebeb,0xffebebeb,0xffebebeb,0xffebebeb,0xffebebeb,0xffebebeb,0xffebebeb,0xffebebeb,0xffebebeb,0xffebebeb,
0xfdeaeaea,0xfef1f1f1,0xe7ededed,0x13e4e4e4,0x01ffffff,0x027f7f7f,0x00000000,0x00000000,0x00000000,0x00000000,
0x00000000,0x00000000,0x00000000,0x00000000,0x00000000,0x03ffffff,0x00000000,0x58eaeaea,0xfffafafa,0xfaebebeb,
0xffebebeb,0xffebebeb,0xffebebeb,0xffebebeb,0xffebebeb,0xffebebeb,0xffebebeb,0xffebebeb,0xffebebeb,0xffebebeb,
0xffebebeb,0xffebebeb,0xffebebeb,0xffebebeb,0xffebebeb,0xffebebeb,0xffebebeb,0xffebebeb,0xffebebeb,0xffebebeb,
0xfaebebeb,0xfffafafa,0x58eaeaea,0x00000000,0x03ffffff,0x00000000,0x00000000,0x00000000,0x00000000,0x00000000,
0x00000000,0x00000000,0x00000000,0x00000000,0x00000000,0x00000000,0x03ffffff,0x00000000,0x93eaeaea,0xffffffff,
0xfaeaeaea,0xffebebeb,0xffebebeb,0xffebebeb,0xffebebeb,0xffebebeb,0xffebebeb,0xffebebeb,0xffebebeb,0xffebebeb,
0xffebebeb,0xffebebeb,0xffebebeb,0xffebebeb,0xffebebeb,0xffebebeb,0xffebebeb,0xffebebeb,0xffebebeb,0xfaeaeaea,
0xffffffff,0x93eaeaea,0x00000000,0x03ffffff,0x00000000,0x00000000,0x00000000,0x00000000,0x00000000,0x00000000,
0x00000000,0x00000000,0x00000000,0x00000000,0x00000000,0x00000000,0x01ffffff,0x03ffffff,0x01ffffff,0xa6ebebeb,
0xffffffff,0xfbebebeb,0xfdeaeaea,0xffebebeb,0xffebebeb,0xffebebeb,0xffebebeb,0xffebebeb,0xffebebeb,0xffebebeb,
0xffebebeb,0xffebebeb,0xffebebeb,0xffebebeb,0xffebebeb,0xffebebeb,0xffebebeb,0xfdeaeaea,0xfbebebeb,0xffffffff,
0xa6ececec,0x01ffffff,0x03ffffff,0x01ffffff,0x00000000,0x00000000,0x00000000,0x00000000,0x00000000,0x00000000,
0x00000000,0x00000000,0x00000000,0x00000000,0x00000000,0x00000000,0x00000000,0x01ffffff,0x027f7f7f,0x00000000,
0x92ededed,0xfff9f9f9,0xfff1f1f1,0xfbeaeaea,0xfdebebeb,0xffebebeb,0xffebebeb,0xffebebeb,0xffebebeb,0xffebebeb,
0xffebebeb,0xffebebeb,0xffebebeb,0xffebebeb,0xffebebeb,0xfeeaeaea,0xfbeaeaea,0xfff0f0f0,0xfff9f9f9,0x92efefef,
0x01ffffff,0x027f7f7f,0x01ffffff,0x00000000,0x00000000,0x00000000,0x00000000,0x00000000,0x00000000,0x00000000,
0x00000000,0x00000000,0x00000000,0x00000000,0x00000000,0x00000000,0x00000000,0x00000000,0x01ffffff,0x02ffffff,
0x00000000,0x5bebebeb,0xe2f1f1f1,0xfffcfcfc,0xfff1f1f1,0xfde9e9e9,0xfbeaeaea,0xfceaeaea,0xfdeaeaea,0xfeeaeaea,
0xfeeaeaea,0xfdeaeaea,0xfceaeaea,0xfbeaeaea,0xfceaeaea,0xfff0f0f0,0xfffcfcfc,0xe4f1f1f1,0x5cebebeb,0x00000000,
0x01ffffff,0x01ffffff,0x00000000,0x00000000,0x00000000,0x00000000,0x00000000,0x00000000,0x00000000,0x00000000,
0x00000000,0x00000000,0x00000000,0x00000000,0x00000000,0x00000000,0x00000000,0x00000000,0x00000000,0x00000000,
0x03ffffff,0x00000000,0x14e5e5e5,0x7feeeeee,0xe0f0f0f0,0xfff6f6f6,0xfffbfbfb,0xfff7f7f7,0xfff2f2f2,0xffefefef,
0xffefefef,0xfff2f2f2,0xfff7f7f7,0xfffbfbfb,0xfff7f7f7,0xe1efefef,0x81f1f1f1,0x15dadada,0x00000000,0x03ffffff,
0x01000000,0x00000000,0x00000000,0x00000000,0x00000000,0x00000000,0x00000000,0x00000000,0x00000000,0x00000000,
0x00000000,0x00000000,0x00000000,0x00000000,0x00000000,0x00000000,0x00000000,0x00000000,0x00000000,0x00000000,
0x00000000,0x03ffffff,0x00000000,0x00000000,0x0ce9e9e9,0x50ebebeb,0x95ededed,0xc3ebebeb,0xdeebebeb,0xecebebeb,
0xecebebeb,0xdeebebeb,0xc3ebebeb,0x95ececec,0x51efefef,0x0debebeb,0x00000000,0x00000000,0x03ffffff,0x00000000,
0x00000000,0x00000000,0x00000000,0x00000000,0x00000000,0x00000000,0x00000000,0x00000000,0x00000000,0x00000000,
0x00000000,0x00000000,0x00000000,0x00000000,0x00000000,0x00000000,0x00000000,0x00000000,0x00000000,0x00000000,
0x00000000,0x00000000,0x01ffffff,0x03ffffff,0x00000000,0x00000000,0x00000000,0x00000000,0x07ffffff,0x0feeeeee,
0x0feeeeee,0x07ffffff,0x00000000,0x00000000,0x00000000,0x00000000,0x03ffffff,0x01ffffff,0x00000000,0x00000000,
0x00000000,0x00000000,0x00000000,0x00000000,0x00000000,0x00000000,0x00000000,0x00000000,0x00000000,0x00000000,
0x00000000,0x00000000,0x00000000,0x00000000,0x00000000,0x00000000,0x00000000,0x00000000,0x00000000,0x00000000,
0x00000000,0x00000000,0x00000000,0x00000000,0x01ffffff,0x03ffffff,0x04bfbfbf,0x027f7f7f,0x00000000,0x00000000,
0x00000000,0x00000000,0x027f7f7f,0x04bfbfbf,0x03ffffff,0x01ffffff,0x00000000,0x00000000,0x00000000,0x00000000,
0x00000000,0x00000000,0x00000000,0x00000000,0x00000000,0x00000000,0x00000000,0x00000000,0x00000000,0x00000000,
0x00000000,0x00000000,0x00000000,0x00000000,0x00000000,0x00000000,0x00000000,0x00000000,0x00000000,0x00000000,
0x00000000,0x00000000,0x00000000,0x00000000,0x00000000,0x00000000,0x00000000,0x00000000,0x01ffffff,0x01ffffff,
0x01ffffff,0x01ffffff,0x00000000,0x00000000,0x00000000,0x00000000,0x00000000,0x00000000,0x00000000,0x00000000,
0x00000000,0x00000000,0x00000000,0x00000000,0x00000000,0x00000000,0x00000000,0x00000000,0x00000000,0x00000000,
0x00000000,0x00000000,0x00000000,0x00000000,0x00000000,0x00000000,0x00000000,0x00000000,0x00000000,0x00000000,
0x00000000,0x00000000,0x00000000,0x00000000,0x00000000,0x00000000,0x00000000,0x00000000,0x00000000,0x00000000,
0x00000000,0x00000000,0x00000000,0x00000000,0x00000000,0x00000000,0x00000000,0x00000000,0x00000000,0x00000000,
0x00000000,0x00000000,0x00000000,0x00000000,0x00000000,0x00000000,0x00000000,0x00000000,0x00000000,0x00000000,
0x00000000,0x00000000,0x00000000,0x00000000,0x00000000,0x00000000,0x00000000,0x00000000,0x00000000,0x00000000,
0x00000000,0x00000000,0x00000000,0x00000000,0x00000000,0x00000000,0x00000000,0x00000000,0x00000000,0x00000000,
0x00000000,0x00000000,0x00000000,0x00000000,0x00000000,0x00000000,0x00000000,0x00000000,0x00000000,0x00000000,
0x00000000,0x00000000,0x00000000,0x00000000,0x00000000,0x00000000,0x00000000,0x00000000,0x00000000,0x00000000,
},
};
#endif
